,Unnamed: 0,algorithm,percentage,pollution_pattern,fitness_tbr_cl-bm,precision_tbr_cl-bm,generalization_tbr_cl-bm,fitness_tbr_cl-cm,precision_tbr_cl-cm,generalization_tbr_cl-cm,fitness_tbr_pl-pm,precision_tbr_pl-pm,generalization_tbr_pl-pm,fitness_tbr_pl-cm,precision_tbr_pl-cm,generalization_tbr_pl-cm,fitness_tbr_cl-pm,precision_tbr_cl-pm,generalization_tbr_cl-pm
0,0.0,IM_0.0,0.1,InsertAlienActivityPolluter,1.0,0.5610530725384172,0.7968022568517868,1.0,0.5121873114361892,0.9153986399295818,0.9974507408885505,0.506550817026757,0.9327649177932026,1.0,0.45538387865662444,0.9153986399295818,0.9978073948755903,0.303968719734518,0.6880518745307311
1,1.0,IM_0.0,0.2,InsertAlienActivityPolluter,1.0,0.5610530725384172,0.7968022568517868,1.0,0.5121873114361892,0.9153986399295818,1.0,0.4642454931907368,0.9364858557636377,1.0,0.41380732020456396,0.9153986399295818,1.0,0.3008790053296523,0.676851379401848
2,2.0,IM_0.0,0.3,InsertAlienActivityPolluter,1.0,0.5610530725384172,0.7968022568517868,1.0,0.5121873114361892,0.9153986399295818,1.0,0.4631419433589754,0.9423228450587924,1.0,0.3883457924614546,0.9153986399295818,1.0,0.3155378371189135,0.6627706164104668
3,3.0,IM_0.0,0.4,InsertAlienActivityPolluter,1.0,0.5610530725384172,0.7968022568517868,1.0,0.5121873114361892,0.9153986399295818,1.0,0.40807846301918815,0.9397077748985777,1.0,0.3661435872651391,0.9153986399295818,0.9999938307235381,0.28178030779581387,0.7102806559047862
4,4.0,IM_0.0,0.5,InsertAlienActivityPolluter,1.0,0.5610530725384172,0.7968022568517868,1.0,0.5121873114361892,0.9153986399295818,1.0,0.424283846570996,0.9420510685405993,1.0,0.34490685995178627,0.9153986399295818,1.0,0.3076085805100631,0.6635073045848647
5,5.0,IM_0.0,0.6,InsertAlienActivityPolluter,1.0,0.5610530725384172,0.7968022568517868,1.0,0.5121873114361892,0.9153986399295818,1.0,0.3763792387510797,0.943156869192563,1.0,0.3223616212676701,0.9153986399295818,1.0,0.2813885022538596,0.6586543800923845
6,6.0,IM_0.0,0.7,InsertAlienActivityPolluter,1.0,0.5610530725384172,0.7968022568517868,1.0,0.5121873114361892,0.9153986399295818,1.0,0.4010770681880171,0.9366785027285353,1.0,0.30100556392441047,0.9153986399295818,1.0,0.314087429941455,0.6572438556523716
7,7.0,IM_0.0,0.8,InsertAlienActivityPolluter,1.0,0.5610530725384172,0.7968022568517868,1.0,0.5121873114361892,0.9153986399295818,1.0,0.37908190277939224,0.9382284179877308,1.0,0.2901485487438165,0.9153986399295818,1.0,0.31240461697593147,0.6529657510258222
8,8.0,IM_0.0,0.9,InsertAlienActivityPolluter,1.0,0.5610530725384172,0.7968022568517868,1.0,0.5121873114361892,0.9153986399295818,1.0,0.37016042377989444,0.9383912413331885,1.0,0.2791430441803434,0.9153986399295818,1.0,0.29384646856970303,0.6602335939388491
9,9.0,IM_0.0,0.1,AggregatedEventLoggingPolluterhour,1.0,0.5610530725384172,0.7968022568517868,1.0,0.5121873114361892,0.9153986399295818,1.0,0.5089121012098969,0.915763433588141,0.9985798312068046,0.5277561507950277,0.9153991719630582,1.0,0.471596563431831,0.9157628885736522
10,10.0,IM_0.0,0.2,AggregatedEventLoggingPolluterhour,1.0,0.5610530725384172,0.7968022568517868,1.0,0.5121873114361892,0.9153986399295818,1.0,0.512627469447753,0.9157633081860425,0.9985322648144676,0.5323374118772083,0.9153990465609596,1.0,0.471596563431831,0.9157628885736522
11,11.0,IM_0.0,0.3,AggregatedEventLoggingPolluterhour,1.0,0.5610530725384172,0.7968022568517868,1.0,0.5121873114361892,0.9153986399295818,1.0,0.5124735045073748,0.9160969874869013,0.9985590623739651,0.5321472553168161,0.9153990400685788,1.0,0.471596563431831,0.9160965678745111
12,12.0,IM_0.0,0.4,AggregatedEventLoggingPolluterhour,1.0,0.5610530725384172,0.7968022568517868,1.0,0.5121873114361892,0.9153986399295818,1.0,0.5148307703947804,0.9157632244614844,0.9985199814561747,0.535355835648258,0.9153989693275324,1.0,0.471596563431831,0.9157628885736522
13,13.0,IM_0.0,0.5,AggregatedEventLoggingPolluterhour,1.0,0.5610530725384172,0.7968022568517868,1.0,0.5121873114361892,0.9153986399295818,1.0,0.5084772668250096,0.915291115093747,0.998524917254603,0.5340940533497904,0.9153988790130836,1.0,0.46605742438412845,0.9152908630292327
14,14.0,IM_0.0,0.6,AggregatedEventLoggingPolluterhour,1.0,0.5610530725384172,0.7968022568517868,1.0,0.5121873114361892,0.9153986399295818,1.0,0.5051086563828091,0.915291115093747,0.9985355255570112,0.5304458762394841,0.9153988790130836,1.0,0.46605742438412845,0.9152908630292327
15,15.0,IM_0.0,0.7,AggregatedEventLoggingPolluterhour,1.0,0.5610530725384172,0.7968022568517868,1.0,0.5121873114361892,0.9153986399295818,1.0,0.5135960636951431,0.9160968618630417,0.998511021769571,0.533359676255816,0.9153989209371,1.0,0.471596563431831,0.9160965678745111
16,16.0,IM_0.0,0.8,AggregatedEventLoggingPolluterhour,1.0,0.5610530725384172,0.7968022568517868,1.0,0.5121873114361892,0.9153986399295818,1.0,0.5034819216806089,0.9156249619424819,0.9985406342264842,0.5275122877524856,0.9153990465609596,1.0,0.46605742438412845,0.9156245423300917
17,17.0,IM_0.0,0.9,AggregatedEventLoggingPolluterhour,1.0,0.5610530725384172,0.7968022568517868,1.0,0.5121873114361892,0.9153986399295818,1.0,0.5087010323214606,0.9157631825621829,0.998540095721968,0.5275760977758371,0.9153989144447192,1.0,0.471596563431831,0.9157628885736522
18,18.0,IM_0.0,0.1,AggregatedEventLoggingPolluterday,1.0,0.5610530725384172,0.7968022568517868,1.0,0.5121873114361892,0.9153986399295818,1.0,0.5038136903287445,0.9152913244669294,0.9985245801036244,0.5283807822667541,0.9153990818938852,1.0,0.46605742438412845,0.9152908630292327
19,19.0,IM_0.0,0.2,AggregatedEventLoggingPolluterday,1.0,0.5610530725384172,0.7968022568517868,1.0,0.5121873114361892,0.9153986399295818,1.0,0.5094277489031385,0.9157632244614844,0.9985266853495443,0.5284259002748252,0.9153989628364014,1.0,0.471596563431831,0.9157628885736522
20,20.0,IM_0.0,0.3,AggregatedEventLoggingPolluterday,1.0,0.5610530725384172,0.7968022568517868,1.0,0.5121873114361892,0.9153986399295818,1.0,0.5048001442388604,0.9156247943946059,0.9985776958265646,0.5300399631238228,0.9153988725207027,1.0,0.46605742438412845,0.9156245423300917
21,21.0,IM_0.0,0.4,AggregatedEventLoggingPolluterday,1.0,0.5610530725384172,0.7968022568517868,1.0,0.5121873114361892,0.9153986399295818,1.0,0.5051982207957298,0.9156249200925353,0.9985324733954326,0.5293204514957793,0.9153990176920254,1.0,0.46605742438412845,0.9156245423300917
22,22.0,IM_0.0,0.5,AggregatedEventLoggingPolluterday,1.0,0.5610530725384172,0.7968022568517868,1.0,0.5121873114361892,0.9153986399295818,1.0,0.5119386530845021,0.9157632663360958,0.998546953959594,0.5319925704113592,0.915399004711013,1.0,0.471596563431831,0.9157628885736522
23,23.0,IM_0.0,0.6,AggregatedEventLoggingPolluterday,1.0,0.5610530725384172,0.7968022568517868,1.0,0.5121873114361892,0.9153986399295818,1.0,0.5113833206651517,0.9160968618630417,0.9985348790957195,0.5299272320407031,0.9153989209371,1.0,0.471596563431831,0.9160965678745111
24,24.0,IM_0.0,0.7,AggregatedEventLoggingPolluterday,1.0,0.5610530725384172,0.7968022568517868,1.0,0.5121873114361892,0.9153986399295818,1.0,0.5031212790960238,0.9156248363186223,0.9985546324360783,0.5272108197843306,0.9153989274282309,1.0,0.46605742438412845,0.9156245423300917
25,25.0,IM_0.0,0.8,AggregatedEventLoggingPolluterday,1.0,0.5610530725384172,0.7968022568517868,1.0,0.5121873114361892,0.9153986399295818,1.0,0.5113264990626591,0.9160968618630417,0.9985222222908311,0.5310178132462654,0.9153989144447192,1.0,0.471596563431831,0.9160965678745111
26,26.0,IM_0.0,0.9,AggregatedEventLoggingPolluterday,1.0,0.5610530725384172,0.7968022568517868,1.0,0.5121873114361892,0.9153986399295818,1.0,0.5082666921312727,0.915291115093747,0.9985416738903999,0.5338169925472234,0.9153988790130836,1.0,0.46605742438412845,0.9152908630292327
27,27.0,IM_0.0,0.1,DelayedEventLoggingPolluter120_0,1.0,0.5610530725384172,0.7968022568517868,1.0,0.5121873114361892,0.9153986399295818,1.0,0.5021659506719915,0.9242941031456734,0.9958904977416387,0.599493998825811,0.9244737586180388,1.0,0.3582200807497505,0.920419394296641
28,28.0,IM_0.0,0.2,DelayedEventLoggingPolluter120_0,1.0,0.5610530725384172,0.7968022568517868,1.0,0.5121873114361892,0.9153986399295818,1.0,0.5441115492652654,0.9254644127454345,0.9929870552757669,0.5954052692730148,0.924965659248726,1.0,0.38388492585347533,0.9254644127454345
29,29.0,IM_0.0,0.3,DelayedEventLoggingPolluter120_0,1.0,0.5610530725384172,0.7968022568517868,1.0,0.5121873114361892,0.9153986399295818,0.9999997764616274,0.5183796457169274,0.9238745528484658,0.990325176639877,0.6132328098481487,0.9250001395479885,0.9999998491976307,0.3515778732754136,0.9166974635407769
30,30.0,IM_0.0,0.4,DelayedEventLoggingPolluter120_0,1.0,0.5610530725384172,0.7968022568517868,1.0,0.5121873114361892,0.9153986399295818,1.0,0.5221614763376127,0.9253799394261844,0.9884331852493358,0.6150813561637706,0.9250288128185733,1.0,0.3649269001655708,0.9253799394261844
31,31.0,IM_0.0,0.5,DelayedEventLoggingPolluter120_0,1.0,0.5610530725384172,0.7968022568517868,1.0,0.5121873114361892,0.9153986399295818,1.0,0.48980218097510464,0.927722477764423,0.9863886660459089,0.6052612933781777,0.92539651515518,1.0,0.3441345454780146,0.9270759523135661
32,32.0,IM_0.0,0.6,DelayedEventLoggingPolluter120_0,1.0,0.5610530725384172,0.7968022568517868,1.0,0.5121873114361892,0.9153986399295818,1.0,0.510358078832975,0.9285853282536694,0.9852158498274135,0.6132186593581352,0.9253947760701038,1.0,0.3519665886622856,0.9285853282536694
33,33.0,IM_0.0,0.7,DelayedEventLoggingPolluter120_0,1.0,0.5610530725384172,0.7968022568517868,1.0,0.5121873114361892,0.9153986399295818,1.0,0.4958501820019818,0.9234439446789712,0.984927559942778,0.6162553848959462,0.9264142276171656,1.0,0.346111425905765,0.9228850894959931
34,34.0,IM_0.0,0.8,DelayedEventLoggingPolluter120_0,1.0,0.5610530725384172,0.7968022568517868,1.0,0.5121873114361892,0.9153986399295818,1.0,0.5062436845989234,0.926975543970806,0.9833220774804141,0.626807697140355,0.925487377328426,1.0,0.3573779149134473,0.926975543970806
35,35.0,IM_0.0,0.9,DelayedEventLoggingPolluter120_0,1.0,0.5610530725384172,0.7968022568517868,1.0,0.5121873114361892,0.9153986399295818,1.0,0.5079280349706496,0.92891840588998,0.9830358270012487,0.60915859564038,0.9256223067046432,1.0,0.3536265100376853,0.92891840588998
36,36.0,IM_0.0,0.1,DeleteActivityPolluter,1.0,0.5610530725384172,0.7968022568517868,1.0,0.5121873114361892,0.9153986399295818,1.0,0.5703628834993034,0.9320648802434656,0.9396343457067133,0.6305172384392361,0.9227778685867076,1.0,0.3589448668634334,0.8025891538699077
37,37.0,IM_0.0,0.2,DeleteActivityPolluter,1.0,0.5610530725384172,0.7968022568517868,1.0,0.5121873114361892,0.9153986399295818,1.0,0.5746800227947585,0.9284895164346116,0.8906315084016646,0.6643720760366972,0.9226402837655241,1.0,0.3496108929006362,0.791664096976437
38,38.0,IM_0.0,0.3,DeleteActivityPolluter,1.0,0.5610530725384172,0.7968022568517868,1.0,0.5121873114361892,0.9153986399295818,1.0,0.6393151751700011,0.9409441541326893,0.8456792635585637,0.7003542644567553,0.9194892149114368,0.9999998424629221,0.3543667416242877,0.8221048371755824
39,39.0,IM_0.0,0.4,DeleteActivityPolluter,1.0,0.5610530725384172,0.7968022568517868,1.0,0.5121873114361892,0.9153986399295818,1.0,0.6524341432832431,0.9279901854885215,0.8061379949823159,0.6899881026573383,0.9123606030990947,0.9999450496088348,0.35339762214151094,0.7962617500466411
40,40.0,IM_0.0,0.5,DeleteActivityPolluter,1.0,0.5610530725384172,0.7968022568517868,1.0,0.5121873114361892,0.9153986399295818,1.0,0.6125399081505354,0.9205923715296563,0.7697378664921432,0.6907464019105238,0.902551244165743,0.999913296840077,0.34576089771118723,0.7748235009199974
41,41.0,IM_0.0,0.6,DeleteActivityPolluter,1.0,0.5610530725384172,0.7968022568517868,1.0,0.5121873114361892,0.9153986399295818,1.0,0.6935701504170502,0.9300962055416988,0.7376969302905947,0.7255838639478394,0.9009394211491212,0.9999903645585018,0.3602974304201117,0.8091081875303802
42,42.0,IM_0.0,0.7,DeleteActivityPolluter,1.0,0.5610530725384172,0.7968022568517868,1.0,0.5121873114361892,0.9153986399295818,1.0,0.7149716234987922,0.902668907951976,0.7101403023974471,0.7281336282882506,0.8892519611244201,0.9999116258319456,0.35954492757242973,0.7893598100322223
43,43.0,IM_0.0,0.8,DeleteActivityPolluter,1.0,0.5610530725384172,0.7968022568517868,1.0,0.5121873114361892,0.9153986399295818,1.0,0.6843563279436206,0.9180615665606368,0.682029273488848,0.734796889463898,0.8875791926001964,0.9999284432548668,0.349790660926334,0.8129207355907603
44,44.0,IM_0.0,0.9,DeleteActivityPolluter,1.0,0.5610530725384172,0.7968022568517868,1.0,0.5121873114361892,0.9153986399295818,1.0,0.7342040731374919,0.9121032705584564,0.656576958312142,0.7568903195841017,0.8700357427970117,0.9997168455311464,0.35158448780240054,0.8004314775850375
45,45.0,IM_0.0,1.0,ImpreciseActivityPolluter,1.0,0.5610530725384172,0.7968022568517868,1.0,0.5121873114361892,0.9153986399295818,1.0,0.5121873114361892,0.9153986399295818,1.0,0.5121873114361892,0.9153986399295818,1.0,0.5121873114361892,0.9153986399295818
46,46.0,IM_0.2,0.1,InsertAlienActivityPolluter,1.0,0.5610530725384172,0.7968022568517868,0.9251383314940266,0.6954807764326355,0.9141587921275665,0.8916925873759194,0.5913904424174009,0.873628660399738,0.9251383314940266,0.6444023812036864,0.9141587921275665,0.9012990987495102,0.44023749366004716,0.6028673409920833
47,47.0,IM_0.2,0.2,InsertAlienActivityPolluter,1.0,0.5610530725384172,0.7968022568517868,0.9251383314940266,0.6954807764326355,0.9141587921275665,0.807509733209013,0.6169450891360103,0.8956717155048983,0.9251383314940266,0.6053297851886155,0.9141587921275665,0.7986465701701985,0.3091280512315266,0.627488912428859
48,48.0,IM_0.2,0.3,InsertAlienActivityPolluter,1.0,0.5610530725384172,0.7968022568517868,0.9251383314940266,0.6954807764326355,0.9141587921275665,0.8184881715526717,0.5226756505859531,0.8637912638292237,0.9251383314940266,0.5858887287719018,0.9141587921275665,0.8014738986208189,0.34770000349803154,0.5992995098728158
49,49.0,IM_0.2,0.4,InsertAlienActivityPolluter,1.0,0.5610530725384172,0.7968022568517868,0.9251383314940266,0.6954807764326355,0.9141587921275665,0.8083014818917772,0.5949235902547167,0.9160727246691424,0.9251383314940266,0.5566874957023381,0.9141587921275665,0.7941966398413416,0.3802453914555264,0.6594738242537972
50,50.0,IM_0.2,0.5,InsertAlienActivityPolluter,1.0,0.5610530725384172,0.7968022568517868,0.9251383314940266,0.6954807764326355,0.9141587921275665,0.7984383244772216,0.6014046421004194,0.9116123219438215,0.9251383314940266,0.5379621679319426,0.9141587921275665,0.7333672273612953,0.3418416850563862,0.6483066037733745
51,51.0,IM_0.2,0.6,InsertAlienActivityPolluter,1.0,0.5610530725384172,0.7968022568517868,0.9251383314940266,0.6954807764326355,0.9141587921275665,0.8340572751598279,0.6170188883737583,0.9134583596501622,0.9251383314940266,0.5169578819538118,0.9141587921275665,0.7929629854431535,0.4039797559746672,0.6510774421016788
52,52.0,IM_0.2,0.7,InsertAlienActivityPolluter,1.0,0.5610530725384172,0.7968022568517868,0.9251383314940266,0.6954807764326355,0.9141587921275665,0.8374229146611439,0.6114836880809081,0.9377773660907567,0.9251383314940266,0.4949961097764387,0.9141587921275665,0.7629574075813902,0.3435511557695439,0.6706437135080577
53,53.0,IM_0.2,0.8,InsertAlienActivityPolluter,1.0,0.5610530725384172,0.7968022568517868,0.9251383314940266,0.6954807764326355,0.9141587921275665,0.828527162547984,0.5817485852403294,0.9228888410948284,0.9251383314940266,0.47834333066180307,0.9141587921275665,0.7386076691143935,0.3671300690053012,0.6457951550465795
54,54.0,IM_0.2,0.9,InsertAlienActivityPolluter,1.0,0.5610530725384172,0.7968022568517868,0.9251383314940266,0.6954807764326355,0.9141587921275665,0.8375378976392649,0.5713174282352627,0.9260699638195871,0.9251383314940266,0.45842956977456617,0.9141587921275665,0.7378220827793918,0.36878240136338364,0.6507752922612398
55,55.0,IM_0.2,0.1,AggregatedEventLoggingPolluterhour,1.0,0.5610530725384172,0.7968022568517868,0.9251383314940266,0.6954807764326355,0.9141587921275665,0.995202156818922,0.6144796313506344,0.9110552627210724,0.9223093476892332,0.694220415910927,0.9141607430661851,0.9971843272494263,0.581889114074631,0.9110411211913887
56,56.0,IM_0.2,0.2,AggregatedEventLoggingPolluterhour,1.0,0.5610530725384172,0.7968022568517868,0.9251383314940266,0.6954807764326355,0.9141587921275665,0.9982046914493431,0.6523726438115232,0.9195209181494527,0.9223650207844082,0.6949791481434069,0.9141599234965337,0.9982048076784641,0.6010842865557465,0.9195197628172433
57,57.0,IM_0.2,0.3,AggregatedEventLoggingPolluterhour,1.0,0.5610530725384172,0.7968022568517868,0.9251383314940266,0.6954807764326355,0.9141587921275665,0.9982041994489305,0.6491583980582013,0.9195222756772804,0.9223851523997317,0.6918054347445511,0.9141612946650554,0.9982048076784641,0.6010842865557465,0.9195197628172433
58,58.0,IM_0.2,0.4,AggregatedEventLoggingPolluterhour,1.0,0.5610530725384172,0.7968022568517868,0.9251383314940266,0.6954807764326355,0.9141587921275665,0.998205144303528,0.6505484691294914,0.9195217349897761,0.9223170470161269,0.6943549618483293,0.9141607451553067,0.9982048076784641,0.6010842865557465,0.9195197628172433
59,59.0,IM_0.2,0.5,AggregatedEventLoggingPolluterhour,1.0,0.5610530725384172,0.7968022568517868,0.9251383314940266,0.6954807764326355,0.9141587921275665,0.9919330228782778,0.6217092788169836,0.918267740014699,0.9223604758365302,0.6926035052644299,0.9141598785314684,0.993892726409454,0.59103256560389,0.9182543598909583
60,60.0,IM_0.2,0.6,AggregatedEventLoggingPolluterhour,1.0,0.5610530725384172,0.7968022568517868,0.9251383314940266,0.6954807764326355,0.9141587921275665,0.9949132015939127,0.6590359960634148,0.9267347346562473,0.9223502395497594,0.6938518797068837,0.9141605140576572,0.9949132068384918,0.6102277380850056,0.9267330015168129
61,61.0,IM_0.2,0.7,AggregatedEventLoggingPolluterhour,1.0,0.5610530725384172,0.7968022568517868,0.9251383314940266,0.6954807764326355,0.9141587921275665,0.9397064558438913,0.7014646299211603,0.9261019998857278,0.9223880369483399,0.7004119173121809,0.9141601448023827,0.939813206149732,0.6585848016830669,0.9261004534717882
62,62.0,IM_0.2,0.8,AggregatedEventLoggingPolluterhour,1.0,0.5610530725384172,0.7968022568517868,0.9251383314940266,0.6954807764326355,0.9141587921275665,0.9952089161568078,0.615051143039645,0.9110892290867726,0.9223207201114072,0.6991832262393552,0.9141598848166128,0.9971843272494263,0.581889114074631,0.9110411211913887
63,63.0,IM_0.2,0.9,AggregatedEventLoggingPolluterhour,1.0,0.5610530725384172,0.7968022568517868,0.9251383314940266,0.6954807764326355,0.9141587921275665,0.9949130012837818,0.6584731437552614,0.9267338276955708,0.922431922343636,0.6921454642624844,0.9141596110085386,0.9949132068384918,0.6102277380850056,0.9267330015168129
64,64.0,IM_0.2,0.1,AggregatedEventLoggingPolluterday,1.0,0.5610530725384172,0.7968022568517868,0.9251383314940266,0.6954807764326355,0.9141587921275665,0.9943524867739588,0.6175250876923853,0.9180091806023981,0.922391391542017,0.6940613948729802,0.914160501585903,0.9962878919813867,0.5849626822087569,0.9179805522159621
65,65.0,IM_0.2,0.2,AggregatedEventLoggingPolluterday,1.0,0.5610530725384172,0.7968022568517868,0.9251383314940266,0.6954807764326355,0.9141587921275665,0.9429950147262702,0.6932803811082099,0.9188892715566119,0.922389506295467,0.7014022379315311,0.9141606557675138,0.9431048069897042,0.6494413501538078,0.9188872147722186
66,66.0,IM_0.2,0.3,AggregatedEventLoggingPolluterday,1.0,0.5610530725384172,0.7968022568517868,0.9251383314940266,0.6954807764326355,0.9141587921275665,0.9952570675276271,0.6171149292351674,0.9110685937704867,0.9223906780709843,0.7012416634301999,0.9141594382884078,0.9971843272494263,0.581889114074631,0.9110411211913887
67,67.0,IM_0.2,0.4,AggregatedEventLoggingPolluterday,1.0,0.5610530725384172,0.7968022568517868,0.9251383314940266,0.6954807764326355,0.9141587921275665,0.9642380244427327,0.6632282047001695,0.9233654207385227,0.9223514363087658,0.6989954760419657,0.9141609362112296,0.964238068146368,0.6140584980858786,0.9233632672448516
68,68.0,IM_0.2,0.5,AggregatedEventLoggingPolluterday,1.0,0.5610530725384172,0.7968022568517868,0.9251383314940266,0.6954807764326355,0.9141587921275665,0.9952539366059675,0.6143472145886089,0.9110513375683625,0.9223738177268764,0.6984476978660268,0.9141601550975593,0.9971843272494263,0.581889114074631,0.9110411211913887
69,69.0,IM_0.2,0.6,AggregatedEventLoggingPolluterday,1.0,0.5610530725384172,0.7968022568517868,0.9251383314940266,0.6954807764326355,0.9141587921275665,0.9982043712085912,0.6526609980676507,0.919521946549325,0.9223684065582246,0.7005445106606188,0.9141609575579397,0.9982048076784641,0.6010842865557465,0.9195197628172433
70,70.0,IM_0.2,0.7,AggregatedEventLoggingPolluterday,1.0,0.5610530725384172,0.7968022568517868,0.9251383314940266,0.6954807764326355,0.9141587921275665,0.9982049892386662,0.652639052512521,0.9195212237520868,0.9223691099605702,0.7005677951280866,0.9141602426745015,0.9982048076784641,0.6010842865557465,0.9195197628172433
71,71.0,IM_0.2,0.8,AggregatedEventLoggingPolluterday,1.0,0.5610530725384172,0.7968022568517868,0.9251383314940266,0.6954807764326355,0.9141587921275665,0.9982047153179466,0.651764686788941,0.9195216462691347,0.9223889483817749,0.69436019995037,0.9141606662190043,0.9982048076784641,0.6010842865557465,0.9195197628172433
72,72.0,IM_0.2,0.9,AggregatedEventLoggingPolluterday,1.0,0.5610530725384172,0.7968022568517868,0.9251383314940266,0.6954807764326355,0.9141587921275665,0.995180263806917,0.6152037262553108,0.9110668183091647,0.9222989384619098,0.6994022230553437,0.914160484154465,0.9971843272494263,0.581889114074631,0.9110411211913887
73,73.0,IM_0.2,0.1,DelayedEventLoggingPolluter120_0,1.0,0.5610530725384172,0.7968022568517868,0.9251383314940266,0.6954807764326355,0.9141587921275665,0.8630014942422399,0.6521219872644807,0.8909608406401593,0.9203553749617154,0.7056024139580618,0.9242720006687816,0.863176377572815,0.4736670870427839,0.88229730886741
74,74.0,IM_0.2,0.2,DelayedEventLoggingPolluter120_0,1.0,0.5610530725384172,0.7968022568517868,0.9251383314940266,0.6954807764326355,0.9141587921275665,0.8758722986419964,0.6085938232385809,0.8946463620990782,0.9164708722323229,0.7199775718137681,0.9244276118101209,0.8766383627602209,0.43354879910101524,0.8787049774552079
75,75.0,IM_0.2,0.3,DelayedEventLoggingPolluter120_0,1.0,0.5610530725384172,0.7968022568517868,0.9251383314940266,0.6954807764326355,0.9141587921275665,0.9677744452968153,0.5357108152640719,0.8921933184146094,0.9136025199111533,0.7173482536947838,0.9254317078005486,0.9697971404431194,0.3686057544968393,0.8595330308835754
76,76.0,IM_0.2,0.4,DelayedEventLoggingPolluter120_0,1.0,0.5610530725384172,0.7968022568517868,0.9251383314940266,0.6954807764326355,0.9141587921275665,0.9294631598221513,0.6115473875999289,0.8941975693087816,0.9115902377865946,0.7169475363190031,0.9253859773259192,0.935998833499744,0.5123260518283242,0.8789391288170663
77,77.0,IM_0.2,0.5,DelayedEventLoggingPolluter120_0,1.0,0.5610530725384172,0.7968022568517868,0.9251383314940266,0.6954807764326355,0.9141587921275665,0.8529203362417006,0.6892911731147582,0.8873909839449221,0.9096328939664143,0.7214243693506912,0.9281547525810717,0.8577288442821691,0.5808451262618172,0.8778531078981895
78,78.0,IM_0.2,0.6,DelayedEventLoggingPolluter120_0,1.0,0.5610530725384172,0.7968022568517868,0.9251383314940266,0.6954807764326355,0.9141587921275665,0.9407728958670205,0.5541350163106569,0.8930567445200848,0.9083171193713127,0.7271985922157841,0.9282167353689171,0.9413659214513721,0.3875701544584583,0.8782918459444116
79,79.0,IM_0.2,0.7,DelayedEventLoggingPolluter120_0,1.0,0.5610530725384172,0.7968022568517868,0.9251383314940266,0.6954807764326355,0.9141587921275665,0.9393652388968741,0.5684571359267898,0.891603972177959,0.9066776424791279,0.7290658328675824,0.9285701926229004,0.9399416847062778,0.3878942258369318,0.8794819880339315
80,80.0,IM_0.2,0.8,DelayedEventLoggingPolluter120_0,1.0,0.5610530725384172,0.7968022568517868,0.9251383314940266,0.6954807764326355,0.9141587921275665,0.9433607778144817,0.5671395425474022,0.9104665722916493,0.9062122466097516,0.7220515733334019,0.9297661668391047,0.9441344755649057,0.4115504776519428,0.892040739396608
81,81.0,IM_0.2,0.9,DelayedEventLoggingPolluter120_0,1.0,0.5610530725384172,0.7968022568517868,0.9251383314940266,0.6954807764326355,0.9141587921275665,0.9658603256251097,0.5937052923367512,0.8993407045610702,0.9048678487525694,0.7216790161486388,0.9291331538877,0.9713147374554939,0.4451915375839881,0.875686483578215
82,82.0,IM_0.2,0.1,DeleteActivityPolluter,1.0,0.5610530725384172,0.7968022568517868,0.9251383314940266,0.6954807764326355,0.9141587921275665,0.879671392057057,0.7040861690724541,0.9247779018526197,0.8763598431280164,0.7576657257402114,0.9280460102424842,0.9143156971297343,0.5825531695626738,0.8843162257346393
83,83.0,IM_0.2,0.2,DeleteActivityPolluter,1.0,0.5610530725384172,0.7968022568517868,0.9251383314940266,0.6954807764326355,0.9141587921275665,0.8915732622827615,0.6881240634528525,0.9280455662154415,0.8316901187470295,0.7826536405036121,0.925348837747473,0.9681510341259931,0.5078522893581345,0.8878449829598205
84,84.0,IM_0.2,0.3,DeleteActivityPolluter,1.0,0.5610530725384172,0.7968022568517868,0.9251383314940266,0.6954807764326355,0.9141587921275665,0.8773001704325225,0.7140425318441115,0.9091792070656757,0.7878681908517751,0.774059253782174,0.9219103194139533,0.946669535036644,0.48365747060709513,0.8560874756852809
85,85.0,IM_0.2,0.4,DeleteActivityPolluter,1.0,0.5610530725384172,0.7968022568517868,0.9251383314940266,0.6954807764326355,0.9141587921275665,0.8892683401738656,0.75187274120056,0.9253955645030729,0.7493495275671669,0.7944433496689108,0.9194848242649926,0.9284379316673589,0.4160361775720884,0.869438703294327
86,86.0,IM_0.2,0.5,DeleteActivityPolluter,1.0,0.5610530725384172,0.7968022568517868,0.9251383314940266,0.6954807764326355,0.9141587921275665,0.869128504759342,0.7516597644070241,0.9074468101364255,0.7136329707431792,0.8279303731199609,0.9185554454570821,0.9358847323955246,0.43100814922591,0.8506632010100115
87,87.0,IM_0.2,0.6,DeleteActivityPolluter,1.0,0.5610530725384172,0.7968022568517868,0.9251383314940266,0.6954807764326355,0.9141587921275665,0.8890912042805937,0.802056953216854,0.9168310975235284,0.682951943350951,0.8195512112771925,0.9045432848232782,0.9463266473616034,0.43301905048801576,0.8771132271004565
88,88.0,IM_0.2,0.7,DeleteActivityPolluter,1.0,0.5610530725384172,0.7968022568517868,0.9251383314940266,0.6954807764326355,0.9141587921275665,0.8671598979792563,0.7846035257132457,0.9231788369076087,0.659340483531663,0.8231170696464811,0.8980067806688355,0.9426986391867075,0.40185727139013366,0.8737033008279855
89,89.0,IM_0.2,0.8,DeleteActivityPolluter,1.0,0.5610530725384172,0.7968022568517868,0.9251383314940266,0.6954807764326355,0.9141587921275665,0.8858540627445806,0.8205221756340703,0.9073851267641629,0.6323161784747384,0.8533583188964209,0.8903728997151897,0.9440077387713495,0.4805132802204778,0.8886475069327
90,90.0,IM_0.2,0.9,DeleteActivityPolluter,1.0,0.5610530725384172,0.7968022568517868,0.9251383314940266,0.6954807764326355,0.9141587921275665,0.8811712870783075,0.8402171342165183,0.9004778615644491,0.6154252277616648,0.8318308064740227,0.8740114442878868,0.9078935177482235,0.43863033244043853,0.8715444639371759
91,91.0,IM_0.2,1.0,ImpreciseActivityPolluter,1.0,0.5610530725384172,0.7968022568517868,0.9251383314940266,0.6954807764326355,0.9141587921275665,0.9251383314940266,0.6954807764326355,0.9141587921275665,0.9251383314940266,0.6954807764326355,0.9141587921275665,0.9251383314940266,0.6954807764326355,0.9141587921275665
92,92.0,ALPHA,0.1,InsertAlienActivityPolluter,1.0,0.5610530725384172,0.7968022568517868,0.7286727455454846,0.4848698946073847,0.9151495783953696,0.6973838697146826,0.5138373489820122,0.927921721340003,0.7286727455454846,0.4559397438451619,0.9151495783953696,0.7288594155804818,0.28026690727581677,0.6893592350591227
93,93.0,ALPHA,0.2,InsertAlienActivityPolluter,1.0,0.5610530725384172,0.7968022568517868,0.7286727455454846,0.4848698946073847,0.9151495783953696,0.6736699882964173,0.49941552192496674,0.93010478712137,0.7286727455454846,0.4339951686923237,0.9151495783953696,0.7314546577391201,0.2771291556973387,0.6893592350591227
94,94.0,ALPHA,0.3,InsertAlienActivityPolluter,1.0,0.5610530725384172,0.7968022568517868,0.7286727455454846,0.4848698946073847,0.9151495783953696,0.6529016043455854,0.49349448424747894,0.9310715399436966,0.7286727455454846,0.41496966731457163,0.9151495783953696,0.7324467397256171,0.27388412670516016,0.6893592350591227
95,95.0,ALPHA,0.4,InsertAlienActivityPolluter,1.0,0.5610530725384172,0.7968022568517868,0.7286727455454846,0.4848698946073847,0.9151495783953696,0.5783732612221275,0.48584977624641457,0.9316477432127963,0.7286727455454846,0.3961813407994678,0.9151495783953696,0.6801828030669334,0.2708801737172855,0.6893592350591227
96,96.0,ALPHA,0.5,InsertAlienActivityPolluter,1.0,0.5610530725384172,0.7968022568517868,0.7286727455454846,0.4848698946073847,0.9151495783953696,0.6144955479250739,0.47174932081173543,0.9320413338633537,0.7286727455454846,0.37883973636458207,0.9151495783953696,0.7246592167041732,0.27716942570804853,0.6893592350591227
97,97.0,ALPHA,0.6,InsertAlienActivityPolluter,1.0,0.5610530725384172,0.7968022568517868,0.7286727455454846,0.4848698946073847,0.9151495783953696,0.5517708349601386,0.450371912901147,0.9323319136142315,0.7286727455454846,0.3653389020981249,0.9151495783953696,0.6774660140325067,0.2449285470574299,0.6893592350591227
98,98.0,ALPHA,0.7,InsertAlienActivityPolluter,1.0,0.5610530725384172,0.7968022568517868,0.7286727455454846,0.4848698946073847,0.9151495783953696,0.5924797901180116,0.44204572318954893,0.9325574916136448,0.7286727455454846,0.34999016422797685,0.9151495783953696,0.7316711140382628,0.2654415179992018,0.6893592350591227
99,99.0,ALPHA,0.8,InsertAlienActivityPolluter,1.0,0.5610530725384172,0.7968022568517868,0.7286727455454846,0.4848698946073847,0.9151495783953696,0.5049510731467508,0.4488672205521519,0.9327392312512931,0.7286727455454846,0.33742829838585925,0.9151495783953696,0.6496186563454711,0.24617169776373735,0.6893592350591227
100,100.0,ALPHA,0.9,InsertAlienActivityPolluter,1.0,0.5610530725384172,0.7968022568517868,0.7286727455454846,0.4848698946073847,0.9151495783953696,0.5663296511625965,0.4450140088823733,0.9328899724015773,0.7286727455454846,0.32654852537196644,0.9151495783953696,0.7344147495587459,0.257438939919612,0.6893592350591227
101,101.0,ALPHA,0.1,AggregatedEventLoggingPolluterhour,1.0,0.5610530725384172,0.7968022568517868,0.7286727455454846,0.4848698946073847,0.9151495783953696,0.6678061741176633,0.45772279741634775,0.9151495783953696,0.728299946122561,0.5108860305819711,0.9151495783953696,0.6678061741176633,0.34941948786720733,0.9151495783953696
102,102.0,ALPHA,0.2,AggregatedEventLoggingPolluterhour,1.0,0.5610530725384172,0.7968022568517868,0.7286727455454846,0.4848698946073847,0.9151495783953696,0.6631441483508209,0.4642180229838889,0.9151495783953696,0.7282971439534272,0.5270316848249935,0.9151495783953696,0.6631441483508209,0.3402462410427294,0.9151495783953696
103,103.0,ALPHA,0.3,AggregatedEventLoggingPolluterhour,1.0,0.5610530725384172,0.7968022568517868,0.7286727455454846,0.4848698946073847,0.9151495783953696,0.6632204546777012,0.5360175390571492,0.9151495783953696,0.7283044653530731,0.5255725638776422,0.9151495783953696,0.6632204546777012,0.36881831775690493,0.9151495783953696
104,104.0,ALPHA,0.4,AggregatedEventLoggingPolluterhour,1.0,0.5610530725384172,0.7968022568517868,0.7286727455454846,0.4848698946073847,0.9151495783953696,0.6678269284650791,0.5295532573287858,0.9151495783953696,0.7282910757447112,0.5132781603609279,0.9151495783953696,0.6678269284650791,0.3779915645813829,0.9151495783953696
105,105.0,ALPHA,0.5,AggregatedEventLoggingPolluterhour,1.0,0.5610530725384172,0.7968022568517868,0.7286727455454846,0.4848698946073847,0.9151495783953696,0.6678061741176633,0.4575123490075789,0.9151495783953696,0.7283029212755903,0.512546269507972,0.9151495783953696,0.6678061741176633,0.34941948786720733,0.9151495783953696
106,106.0,ALPHA,0.6,AggregatedEventLoggingPolluterhour,1.0,0.5610530725384172,0.7968022568517868,0.7286727455454846,0.4848698946073847,0.9151495783953696,0.6679083567526737,0.536011450537924,0.9151495783953696,0.7282884969278786,0.52546257829471,0.9151495783953696,0.6679083567526737,0.36881831775690493,0.9151495783953696
107,107.0,ALPHA,0.7,AggregatedEventLoggingPolluterhour,1.0,0.5610530725384172,0.7968022568517868,0.7286727455454846,0.4848698946073847,0.9151495783953696,0.6642794977466914,0.4578633875638428,0.9151495783953696,0.7283129075744842,0.5111044040066505,0.9151495783953696,0.6642794977466914,0.34941948786720733,0.9151495783953696
108,108.0,ALPHA,0.8,AggregatedEventLoggingPolluterhour,1.0,0.5610530725384172,0.7968022568517868,0.7286727455454846,0.4848698946073847,0.9151495783953696,0.6596174719798489,0.4642163241640823,0.9151495783953696,0.7283024861259707,0.5269630223932823,0.9151495783953696,0.6596174719798489,0.3402462410427294,0.9151495783953696
109,109.0,ALPHA,0.9,AggregatedEventLoggingPolluterhour,1.0,0.5610530725384172,0.7968022568517868,0.7286727455454846,0.4848698946073847,0.9151495783953696,0.6678061741176633,0.4577858253772098,0.9151495783953696,0.7282807303332325,0.5127666256634427,0.9151495783953696,0.6678061741176633,0.34941948786720733,0.9151495783953696
110,110.0,ALPHA,0.1,AggregatedEventLoggingPolluterday,1.0,0.5610530725384172,0.7968022568517868,0.7286727455454846,0.4848698946073847,0.9151495783953696,0.6678522792106187,0.5295313631346028,0.9151495783953696,0.7282959335950386,0.5132219216628898,0.9151495783953696,0.6678522792106187,0.3779915645813829,0.9151495783953696
111,111.0,ALPHA,0.2,AggregatedEventLoggingPolluterday,1.0,0.5610530725384172,0.7968022568517868,0.7286727455454846,0.4848698946073847,0.9151495783953696,0.6678061741176633,0.4576594887044254,0.9151495783953696,0.7282836590392331,0.5109305182426881,0.9151495783953696,0.6678061741176633,0.34941948786720733,0.9151495783953696
112,112.0,ALPHA,0.3,AggregatedEventLoggingPolluterday,1.0,0.5610530725384172,0.7968022568517868,0.7286727455454846,0.4848698946073847,0.9151495783953696,0.6632204546777012,0.5360154190221245,0.9151495783953696,0.7282955378506725,0.5274149678156339,0.9151495783953696,0.6632204546777012,0.36881831775690493,0.9151495783953696
113,113.0,ALPHA,0.4,AggregatedEventLoggingPolluterday,1.0,0.5610530725384172,0.7968022568517868,0.7286727455454846,0.4848698946073847,0.9151495783953696,0.6632204546777012,0.5360099030257284,0.9151495783953696,0.7283074959676744,0.5271471405883122,0.9151495783953696,0.6632204546777012,0.36881831775690493,0.9151495783953696
114,114.0,ALPHA,0.5,AggregatedEventLoggingPolluterday,1.0,0.5610530725384172,0.7968022568517868,0.7286727455454846,0.4848698946073847,0.9151495783953696,0.6596476732137737,0.4642194620889011,0.9151495783953696,0.7282933097232975,0.527083375327661,0.9151495783953696,0.6596476732137737,0.3402462410427294,0.9151495783953696
115,115.0,ALPHA,0.6,AggregatedEventLoggingPolluterday,1.0,0.5610530725384172,0.7968022568517868,0.7286727455454846,0.4848698946073847,0.9151495783953696,0.6642492965127665,0.45753417674542995,0.9151495783953696,0.7283016910847367,0.5106671965475374,0.9151495783953696,0.6642492965127665,0.34941948786720733,0.9151495783953696
116,116.0,ALPHA,0.7,AggregatedEventLoggingPolluterday,1.0,0.5610530725384172,0.7968022568517868,0.7286727455454846,0.4848698946073847,0.9151495783953696,0.6632204546777012,0.5360062582568107,0.9151495783953696,0.7282952077687057,0.5255766314798735,0.9151495783953696,0.6632204546777012,0.36881831775690493,0.9151495783953696
117,117.0,ALPHA,0.8,AggregatedEventLoggingPolluterday,1.0,0.5610530725384172,0.7968022568517868,0.7286727455454846,0.4848698946073847,0.9151495783953696,0.6643256028396468,0.5295740411613331,0.9151495783953696,0.7283000896790758,0.5109508651833076,0.9151495783953696,0.6643256028396468,0.3779915645813829,0.9151495783953696
118,118.0,ALPHA,0.9,AggregatedEventLoggingPolluterday,1.0,0.5610530725384172,0.7968022568517868,0.7286727455454846,0.4848698946073847,0.9151495783953696,0.6596476732137737,0.4642165038723073,0.9151495783953696,0.7283048618364337,0.5253454507516001,0.9151495783953696,0.6596476732137737,0.3402462410427294,0.9151495783953696
119,119.0,ALPHA,0.1,DelayedEventLoggingPolluter120_0,1.0,0.5610530725384172,0.7968022568517868,0.7286727455454846,0.4848698946073847,0.9151495783953696,0.47227975373927666,0.5295009261801936,0.9151495783953696,0.7248463666131619,0.575469452104599,0.9151495783953696,0.47227944399906197,0.28093889542287465,0.9151495783953696
120,120.0,ALPHA,0.2,DelayedEventLoggingPolluter120_0,1.0,0.5610530725384172,0.7968022568517868,0.7286727455454846,0.4848698946073847,0.9151495783953696,0.5007478156889178,0.6112856068494174,0.9151495783953696,0.7217934856474526,0.6301683864752484,0.9151495783953696,0.5007478156889178,0.235177069959414,0.9151495783953696
121,121.0,ALPHA,0.3,DelayedEventLoggingPolluter120_0,1.0,0.5610530725384172,0.7968022568517868,0.7286727455454846,0.4848698946073847,0.9151495783953696,0.5172361705499691,0.5756403357887042,0.9151495783953696,0.7197355376005754,0.6221393037402577,0.9151495783953696,0.5172361705499691,0.23190848491852567,0.9151495783953696
122,122.0,ALPHA,0.4,DelayedEventLoggingPolluter120_0,1.0,0.5610530725384172,0.7968022568517868,0.7286727455454846,0.4848698946073847,0.9151495783953696,0.4635727452277857,0.6083963850941164,0.9151495783953696,0.7183614839323815,0.6212531217617692,0.9151495783953696,0.4635291115823391,0.27021278436595686,0.9151495783953696
123,123.0,ALPHA,0.5,DelayedEventLoggingPolluter120_0,1.0,0.5610530725384172,0.7968022568517868,0.7286727455454846,0.4848698946073847,0.9151495783953696,0.4731449300772541,0.6677429275911908,0.9151495783953696,0.7173385949652665,0.6538148657939304,0.9151495783953696,0.4731449300772541,0.24965982647680834,0.9151495783953696
124,124.0,ALPHA,0.6,DelayedEventLoggingPolluter120_0,1.0,0.5610530725384172,0.7968022568517868,0.7286727455454846,0.4848698946073847,0.9151495783953696,0.5052512634678332,0.5194957581513215,0.9151495783953696,0.7152573494402705,0.6156690711727903,0.9151495783953696,0.5052512634678332,0.22085207188994266,0.9151495783953696
125,125.0,ALPHA,0.7,DelayedEventLoggingPolluter120_0,1.0,0.5610530725384172,0.7968022568517868,0.7286727455454846,0.4848698946073847,0.9151495783953696,0.4709227912852905,0.6530511780979543,0.9151495783953696,0.7141388963405287,0.6347661496145764,0.9151495783953696,0.4709491321319439,0.25806990042047817,0.9151495783953696
126,126.0,ALPHA,0.8,DelayedEventLoggingPolluter120_0,1.0,0.5610530725384172,0.7968022568517868,0.7286727455454846,0.4848698946073847,0.9151495783953696,0.4796300174286181,0.6084208023005261,0.9151495783953696,0.7143622333614105,0.6264239099975801,0.9151495783953696,0.4796300174286181,0.25072918652733434,0.9151495783953696
127,127.0,ALPHA,0.9,DelayedEventLoggingPolluter120_0,1.0,0.5610530725384172,0.7968022568517868,0.7286727455454846,0.4848698946073847,0.9151495783953696,0.4678544878909849,0.5486933258357762,0.9151495783953696,0.713163431029838,0.6403270637238453,0.9151495783953696,0.46787742231333335,0.21355969544242057,0.9151495783953696
128,128.0,ALPHA,0.1,DeleteActivityPolluter,1.0,0.5610530725384172,0.7968022568517868,0.7286727455454846,0.4848698946073847,0.9151495783953696,0.44720645904364426,0.6253795168393697,0.91148735156977,0.7001306917819943,0.6562260326648064,0.91148735156977,0.44793732171034695,0.3258040539759927,0.9151495783953696
129,129.0,ALPHA,0.2,DeleteActivityPolluter,1.0,0.5610530725384172,0.7968022568517868,0.7286727455454846,0.4848698946073847,0.9151495783953696,0.44890882464356235,0.6438224424949095,0.9110747342604408,0.6770430421630114,0.6731912450270257,0.9110747342604408,0.44392756289762414,0.3254014428000768,0.9151495783953696
130,130.0,ALPHA,0.3,DeleteActivityPolluter,1.0,0.5610530725384172,0.7968022568517868,0.7286727455454846,0.4848698946073847,0.9151495783953696,0.4477256418642219,0.7195778858411729,0.9059326190990132,0.6575133368530864,0.7067689673688087,0.9059326190990132,0.43085731110284914,0.2944371793653946,0.9151495783953696
131,131.0,ALPHA,0.4,DeleteActivityPolluter,1.0,0.5610530725384172,0.7968022568517868,0.7286727455454846,0.4848698946073847,0.9151495783953696,0.462831425542537,0.6750572983495283,0.9014291406361811,0.6414065696734312,0.7101296145244398,0.9014291406361811,0.43269393847616505,0.3115214473587876,0.9151495783953696
132,132.0,ALPHA,0.5,DeleteActivityPolluter,1.0,0.5610530725384172,0.7968022568517868,0.7286727455454846,0.4848698946073847,0.9151495783953696,0.4779990464649552,0.7240467947205075,0.8956898040480719,0.6269350804830329,0.7272829228596034,0.8956898040480719,0.4260765248691984,0.26165634728852516,0.9151495783953696
133,133.0,ALPHA,0.6,DeleteActivityPolluter,1.0,0.5610530725384172,0.7968022568517868,0.7286727455454846,0.4848698946073847,0.9151495783953696,0.49874849025242246,0.8147651746085148,0.9108250696649504,0.6154707595166786,0.7352837749557322,0.898070241380619,0.43884078886215067,0.30047627102306734,0.9280302837321626
134,134.0,ALPHA,0.7,DeleteActivityPolluter,1.0,0.5610530725384172,0.7968022568517868,0.7286727455454846,0.4848698946073847,0.9151495783953696,0.5097463870339697,0.7822103062737575,0.8983716197975772,0.6017388945140392,0.7531300049558048,0.885887908580058,0.41883354403230244,0.2934363867695582,0.9280302837321626
135,135.0,ALPHA,0.8,DeleteActivityPolluter,1.0,0.5610530725384172,0.7968022568517868,0.7286727455454846,0.4848698946073847,0.9151495783953696,0.5367491080423965,0.8334361241247061,0.8783845534397341,0.5893517687094296,0.7584069255841,0.8657896526361777,0.42180891606746584,0.29205289043985627,0.9280302837321626
136,136.0,ALPHA,0.9,DeleteActivityPolluter,1.0,0.5610530725384172,0.7968022568517868,0.7286727455454846,0.4848698946073847,0.9151495783953696,0.5499542034323139,0.7805665562548925,0.8652643483643874,0.5738724554870557,0.7316659507866895,0.8652643483643874,0.4189929598528168,0.2770884898424089,0.9151495783953696
137,137.0,ALPHA,1.0,ImpreciseActivityPolluter,1.0,0.5610530725384172,0.7968022568517868,0.7286727455454846,0.4848698946073847,0.9151495783953696,0.7286727455454846,0.4848698946073847,0.9151495783953696,0.7286727455454846,0.4848698946073847,0.9151495783953696,0.7286727455454846,0.4848698946073847,0.9151495783953696
138,138.0,ILP_0.8,0.1,InsertAlienActivityPolluter,1.0,0.5610530725384172,0.7968022568517868,0.9767622055691506,0.7201654370461762,0.9248450397630683,0.9190142073662325,0.6980365284938476,0.93406337352604,0.9767622055691506,0.6908360227898371,0.9248450397630683,0.9772968251004724,0.6961443254635179,0.7238141033528487
139,139.0,ILP_0.8,0.2,InsertAlienActivityPolluter,1.0,0.5610530725384172,0.7968022568517868,0.9767622055691506,0.7201654370461762,0.9248450397630683,0.8877100231815238,0.6838044837566055,0.9359930255196196,0.9767622055691506,0.6689640434606634,0.9248450397630683,0.9795890564835079,0.692710177913718,0.7238289591674392
140,140.0,ILP_0.8,0.3,InsertAlienActivityPolluter,1.0,0.5610530725384172,0.7968022568517868,0.9767622055691506,0.7201654370461762,0.9248450397630683,0.8833846546075811,0.6911941305892797,0.9368451250501988,0.9767622055691506,0.6538229089832973,0.9248450397630683,0.9459539736716004,0.6332566978034682,0.7238310796272237
141,141.0,ILP_0.8,0.4,InsertAlienActivityPolluter,1.0,0.5610530725384172,0.7968022568517868,0.9767622055691506,0.7201654370461762,0.9248450397630683,0.9722451733106121,0.6562140689912361,0.937337126504001,0.9767622055691506,0.6394378660550173,0.9248450397630683,0.978801165883207,0.34205012573589477,0.7238217178275599
142,142.0,ILP_0.8,0.5,InsertAlienActivityPolluter,1.0,0.5610530725384172,0.7968022568517868,0.9767622055691506,0.7201654370461762,0.9248450397630683,0.9767752681832396,0.6395522029704409,0.9376967931616244,0.9767622055691506,0.6214959315657095,0.9248450397630683,0.982966489112339,0.33432833915114485,0.7238364678436031
143,143.0,ILP_0.8,0.6,InsertAlienActivityPolluter,1.0,0.5610530725384172,0.7968022568517868,0.9767622055691506,0.7201654370461762,0.9248450397630683,0.9902047565162433,0.587452502651218,0.9379511041233621,0.9767622055691506,0.6083541456840375,0.9248450397630683,0.9936050026203342,0.2775453180217815,0.7238364632252796
144,144.0,ILP_0.8,0.7,InsertAlienActivityPolluter,1.0,0.5610530725384172,0.7968022568517868,0.9767622055691506,0.7201654370461762,0.9248450397630683,0.9914438002976513,0.5756946009096453,0.9381484772420241,0.9767622055691506,0.5877195381366268,0.9248450397630683,0.9950781213531071,0.27754481910385914,0.7238364638277757
145,145.0,ILP_0.8,0.8,InsertAlienActivityPolluter,1.0,0.5610530725384172,0.7968022568517868,0.9767622055691506,0.7201654370461762,0.9248450397630683,0.9957467233160099,0.5035581347000316,0.9383081231282342,0.9767622055691506,0.5778039565021426,0.9248450397630683,0.9979628470721436,0.2909299017641785,0.72383670427194
146,146.0,ILP_0.8,0.9,InsertAlienActivityPolluter,1.0,0.5610530725384172,0.7968022568517868,0.9767622055691506,0.7201654370461762,0.9248450397630683,0.9971600055455067,0.43015424899210974,0.9384399119068212,0.9767622055691506,0.5612365592764873,0.9248450397630683,0.9986399779355146,0.2836849692636212,0.7238367009287995
147,147.0,ILP_0.8,0.1,AggregatedEventLoggingPolluterhour,1.0,0.5610530725384172,0.7968022568517868,0.9767622055691506,0.7201654370461762,0.9248450397630683,0.9752679488379778,0.7207658499288265,0.9248450397630683,0.9743288191977274,0.7207658499288265,0.9248450397630683,0.97691080414312,0.7201654370461762,0.9248450397630683
148,148.0,ILP_0.8,0.2,AggregatedEventLoggingPolluterhour,1.0,0.5610530725384172,0.7968022568517868,0.9767622055691506,0.7201654370461762,0.9248450397630683,0.9754663143961398,0.7210210144622027,0.9248450397630683,0.9744140320122875,0.7210210144622027,0.9248450397630683,0.9770542988940294,0.7201654370461762,0.9248450397630683
149,149.0,ILP_0.8,0.3,AggregatedEventLoggingPolluterhour,1.0,0.5610530725384172,0.7968022568517868,0.9767622055691506,0.7201654370461762,0.9248450397630683,0.973857893114896,0.7493696479133216,0.9248484711377065,0.9744133980607748,0.7213204912855844,0.9248450397630683,0.9754520538000421,0.7483713667314267,0.9248484711377065
150,150.0,ILP_0.8,0.4,AggregatedEventLoggingPolluterhour,1.0,0.5610530725384172,0.7968022568517868,0.9767622055691506,0.7201654370461762,0.9248450397630683,0.9752943152541069,0.7213269562302039,0.9248450397630683,0.9743815155321397,0.7213269562302039,0.9248450397630683,0.97691080414312,0.7201654370461762,0.9248450397630683
151,151.0,ILP_0.8,0.5,AggregatedEventLoggingPolluterhour,1.0,0.5610530725384172,0.7968022568517868,0.9767622055691506,0.7201654370461762,0.9248450397630683,0.9753163701799276,0.7211141278464822,0.9248450397630683,0.9743821088871093,0.7211141278464822,0.9248450397630683,0.976928359539262,0.7201654370461762,0.9248450397630683
152,152.0,ILP_0.8,0.6,AggregatedEventLoggingPolluterhour,1.0,0.5610530725384172,0.7968022568517868,0.9767622055691506,0.7201654370461762,0.9248450397630683,0.9753329411714583,0.7207294172181995,0.9248450397630683,0.9743684044965224,0.7207294172181995,0.9248450397630683,0.9769539332127438,0.7201654370461762,0.9248450397630683
153,153.0,ILP_0.8,0.7,AggregatedEventLoggingPolluterhour,1.0,0.5610530725384172,0.7968022568517868,0.9767622055691506,0.7201654370461762,0.9248450397630683,0.975296055125957,0.7207586926036669,0.9248450397630683,0.9743537919234729,0.7207586926036669,0.9248450397630683,0.976928359539262,0.7201654370461762,0.9248450397630683
154,154.0,ILP_0.8,0.8,AggregatedEventLoggingPolluterhour,1.0,0.5610530725384172,0.7968022568517868,0.9767622055691506,0.7201654370461762,0.9248450397630683,0.9754734518820006,0.7207814385241653,0.9248450397630683,0.9743822011519884,0.7207814385241653,0.9248450397630683,0.9770877401858401,0.7201654370461762,0.9248450397630683
155,155.0,ILP_0.8,0.9,AggregatedEventLoggingPolluterhour,1.0,0.5610530725384172,0.7968022568517868,0.9767622055691506,0.7201654370461762,0.9248450397630683,0.9750683103503812,0.7207056577097986,0.9248450397630683,0.9743628757537176,0.7207056577097986,0.9248450397630683,0.9766947042518612,0.7201654370461762,0.9248450397630683
156,156.0,ILP_0.8,0.1,AggregatedEventLoggingPolluterday,1.0,0.5610530725384172,0.7968022568517868,0.9767622055691506,0.7201654370461762,0.9248450397630683,0.9754158849053728,0.7217575231390767,0.9248450397630683,0.9743412130083267,0.7217575231390767,0.9248450397630683,0.9770542988940294,0.7201654370461762,0.9248450397630683
157,157.0,ILP_0.8,0.2,AggregatedEventLoggingPolluterday,1.0,0.5610530725384172,0.7968022568517868,0.9767622055691506,0.7201654370461762,0.9248450397630683,0.9754456800215325,0.7207064720514964,0.9248450397630683,0.9743902953381562,0.7207064720514964,0.9248450397630683,0.9770542988940294,0.7201654370461762,0.9248450397630683
158,158.0,ILP_0.8,0.3,AggregatedEventLoggingPolluterday,1.0,0.5610530725384172,0.7968022568517868,0.9767622055691506,0.7201654370461762,0.9248450397630683,0.9734233272860681,0.7494209642066908,0.9248484711377065,0.974376413930574,0.7215291448290726,0.9248450397630683,0.9750332441991073,0.7483713667314267,0.9248484711377065
159,159.0,ILP_0.8,0.4,AggregatedEventLoggingPolluterday,1.0,0.5610530725384172,0.7968022568517868,0.9767622055691506,0.7201654370461762,0.9248450397630683,0.9734308161638523,0.7492504124830653,0.9248484711377065,0.9743989152390508,0.7208900085112487,0.9248450397630683,0.9750332441991073,0.7483713667314267,0.9248484711377065
160,160.0,ILP_0.8,0.5,AggregatedEventLoggingPolluterday,1.0,0.5610530725384172,0.7968022568517868,0.9767622055691506,0.7201654370461762,0.9248450397630683,0.9755695954230945,0.7207085007163425,0.9248450397630683,0.974386323670378,0.7207085007163425,0.9248450397630683,0.9771773722438544,0.7201654370461762,0.9248450397630683
161,161.0,ILP_0.8,0.6,AggregatedEventLoggingPolluterday,1.0,0.5610530725384172,0.7968022568517868,0.9767622055691506,0.7201654370461762,0.9248450397630683,0.9750825775439302,0.7207595577852166,0.9248450397630683,0.9743813192020048,0.7207595577852166,0.9248450397630683,0.9766947042518612,0.7201654370461762,0.9248450397630683
162,162.0,ILP_0.8,0.7,AggregatedEventLoggingPolluterday,1.0,0.5610530725384172,0.7968022568517868,0.9767622055691506,0.7201654370461762,0.9248450397630683,0.9755377079948554,0.7212585707192243,0.9248450397630683,0.9743947728034793,0.7212585707192243,0.9248450397630683,0.9771427044538273,0.7201654370461762,0.9248450397630683
163,163.0,ILP_0.8,0.8,AggregatedEventLoggingPolluterday,1.0,0.5610530725384172,0.7968022568517868,0.9767622055691506,0.7201654370461762,0.9248450397630683,0.9753999117546562,0.7204694423693531,0.9248450397630683,0.974410279676628,0.7204694423693531,0.9248450397630683,0.9769940193140066,0.7201654370461762,0.9248450397630683
164,164.0,ILP_0.8,0.9,AggregatedEventLoggingPolluterday,1.0,0.5610530725384172,0.7968022568517868,0.9767622055691506,0.7201654370461762,0.9248450397630683,0.9738417116427314,0.7495633808925262,0.9248484711377065,0.9743839293639435,0.7212008853020493,0.9248450397630683,0.9754520538000421,0.7483713667314267,0.9248484711377065
165,165.0,ILP_0.8,0.1,DelayedEventLoggingPolluter120_0,1.0,0.5610530725384172,0.7968022568517868,0.9767622055691506,0.7201654370461762,0.9248450397630683,0.9690891772001298,0.7782174581699525,0.9248510097627862,0.9692279949621325,0.7452382923929423,0.9248450465369769,0.9751996920131681,0.7477135099726697,0.9248510029888776
166,166.0,ILP_0.8,0.2,DelayedEventLoggingPolluter120_0,1.0,0.5610530725384172,0.7968022568517868,0.9767622055691506,0.7201654370461762,0.9248450397630683,0.9711317950166908,0.7340503417965815,0.924862773679542,0.9643711793548915,0.7439239397754926,0.924845050048108,0.9801436724990432,0.7065460186211585,0.9248627633945021
167,167.0,ILP_0.8,0.3,DelayedEventLoggingPolluter120_0,1.0,0.5610530725384172,0.7968022568517868,0.9767622055691506,0.7201654370461762,0.9248450397630683,0.9842910280484496,0.7310713488470898,0.9248719499473169,0.9577383518749574,0.7401577577309035,0.924845049045016,0.9892417618337552,0.7048165472441986,0.9248719406653693
168,168.0,ILP_0.8,0.4,DelayedEventLoggingPolluter120_0,1.0,0.5610530725384172,0.7968022568517868,0.9767622055691506,0.7201654370461762,0.9248450397630683,0.9783956685580102,0.7360062289590296,0.9248631740131992,0.9538891092247583,0.7423510645498578,0.9248450583209278,0.9877699334211867,0.7088932211125936,0.9248631554553397
169,169.0,ILP_0.8,0.5,DelayedEventLoggingPolluter120_0,1.0,0.5610530725384172,0.7968022568517868,0.9767622055691506,0.7201654370461762,0.9248450397630683,0.9789097080318718,0.7308200063191601,0.924863175767423,0.9519466596608857,0.7400674120622562,0.9248450600751517,0.9874618133978894,0.705038345378139,0.9248631554553397
170,170.0,ILP_0.8,0.6,DelayedEventLoggingPolluter120_0,1.0,0.5610530725384172,0.7968022568517868,0.9767622055691506,0.7201654370461762,0.9248450397630683,0.9799081925532123,0.7345392803545719,0.9248627784432666,0.9487873665041587,0.7399911190416053,0.9248450548118328,0.9875507222741069,0.7119278336020078,0.9248627633945021
171,171.0,ILP_0.8,0.7,DelayedEventLoggingPolluter120_0,1.0,0.5610530725384172,0.7968022568517868,0.9767622055691506,0.7201654370461762,0.9248450397630683,0.9778726054481524,0.7361860417950471,0.9248627809498511,0.9463777149728193,0.7365107359459117,0.9248450573184173,0.9877283726869013,0.7101203816288431,0.9248627633945021
172,172.0,ILP_0.8,0.8,DelayedEventLoggingPolluter120_0,1.0,0.5610530725384172,0.7968022568517868,0.9767622055691506,0.7201654370461762,0.9248450397630683,0.9785507944621816,0.7338524995199348,0.9248627857111484,0.9457821963573894,0.7407676863942394,0.9248450623302653,0.9867126431012714,0.6873843500364701,0.9248627633945021
173,173.0,ILP_0.8,0.9,DelayedEventLoggingPolluter120_0,1.0,0.5610530725384172,0.7968022568517868,0.9767622055691506,0.7201654370461762,0.9248450397630683,0.97652680823061,0.7382809131279296,0.9248631750156393,0.9440288892989902,0.7430568383402162,0.9248450593233679,0.987114396723831,0.7120493972587766,0.9248631554553397
174,174.0,ILP_0.8,0.1,DeleteActivityPolluter,1.0,0.5610530725384172,0.7968022568517868,0.9767622055691506,0.7201654370461762,0.9248450397630683,0.9275556282092592,0.7441583184654789,0.9233768868210968,0.9182127268022564,0.7619331919740289,0.9233021814034134,0.9824335453225245,0.7017558560186405,0.9248719406653693
175,175.0,ILP_0.8,0.2,DeleteActivityPolluter,1.0,0.5610530725384172,0.7968022568517868,0.9767622055691506,0.7201654370461762,0.9248450397630683,0.8787608989942192,0.756223196550544,0.9201601063660709,0.8627430140961965,0.7615065320878402,0.9200373138401404,0.9821537474396341,0.6834009575229215,0.9248719406653693
176,176.0,ILP_0.8,0.3,DeleteActivityPolluter,1.0,0.5610530725384172,0.7968022568517868,0.9767622055691506,0.7201654370461762,0.9248450397630683,0.8831812668461483,0.733422196420993,0.9112809780815028,0.8030645209225467,0.7646455000969566,0.9108924485891459,0.9660866202033902,0.5905412614267614,0.9248657305186523
177,177.0,ILP_0.8,0.4,DeleteActivityPolluter,1.0,0.5610530725384172,0.7968022568517868,0.9767622055691506,0.7201654370461762,0.9248450397630683,0.9254727341391303,0.6737972767971245,0.9170394588877371,0.7523215780465943,0.8132863933133254,0.9163970903966233,0.9983827263382574,0.4815103370352333,0.9248726093539992
178,178.0,ILP_0.8,0.5,DeleteActivityPolluter,1.0,0.5610530725384172,0.7968022568517868,0.9767622055691506,0.7201654370461762,0.9248450397630683,0.9637741263709123,0.6736441905071884,0.9101720319505985,0.7046309159694552,0.813552354710298,0.9093042857209109,0.9987864275091888,0.4322053528798067,0.9248726093539992
179,179.0,ILP_0.8,0.6,DeleteActivityPolluter,1.0,0.5610530725384172,0.7968022568517868,0.9767622055691506,0.7201654370461762,0.9248450397630683,0.9573112134165547,0.6412639784076875,0.9128678760800262,0.6528114490042392,0.8172262906101299,0.9000519893166141,0.9992520702281849,0.39158581121276,0.9365562818956406
180,180.0,ILP_0.8,0.7,DeleteActivityPolluter,1.0,0.5610530725384172,0.7968022568517868,0.9767622055691506,0.7201654370461762,0.9248450397630683,0.9993079628581064,0.6454691503924912,0.9007759049335727,0.6178712180102524,0.7995587046463007,0.8992295920280698,0.9995059025391976,0.34052149007075455,0.9248726093539992
181,181.0,ILP_0.8,0.8,DeleteActivityPolluter,1.0,0.5610530725384172,0.7968022568517868,0.9767622055691506,0.7201654370461762,0.9248450397630683,0.9992233381743025,0.6323407254442986,0.8886883181627296,0.5802671426157451,0.7983355162817284,0.886559531585638,0.9994824156011658,0.34052149007075455,0.9248726093539992
182,182.0,ILP_0.8,0.9,DeleteActivityPolluter,1.0,0.5610530725384172,0.7968022568517868,0.9767622055691506,0.7201654370461762,0.9248450397630683,0.9991570473223736,0.6465000340064003,0.8893949303495189,0.5499498191897483,0.8077289744580707,0.8748196997429691,0.9995059667816125,0.34052126606264393,0.9365562818956406
183,183.0,ILP_0.8,1.0,ImpreciseActivityPolluter,1.0,0.5610530725384172,0.7968022568517868,0.9767622055691506,0.7201654370461762,0.9248450397630683,0.9767622055691506,0.7201654370461762,0.9248450397630683,0.9767622055691506,0.7201654370461762,0.9248450397630683,0.9767622055691506,0.7201654370461762,0.9248450397630683
184,184.0,ILP_1.0,0.1,InsertAlienActivityPolluter,1.0,0.5610530725384172,0.7968022568517868,1.0,0.3511231208903735,0.9244725377097545,1.0,0.4132995985297482,0.933825184081616,1.0,0.315054476525149,0.9244725377097545,1.0,0.2500065918934244,0.7199453835523755
185,185.0,ILP_1.0,0.2,InsertAlienActivityPolluter,1.0,0.5610530725384172,0.7968022568517868,1.0,0.3511231208903735,0.9244725377097545,1.0,0.39257054159883514,0.9357484814685577,1.0,0.2892411957738297,0.9244725377097545,1.0,0.24973254339285988,0.7199453835523755
186,186.0,ILP_1.0,0.3,InsertAlienActivityPolluter,1.0,0.5610530725384172,0.7968022568517868,1.0,0.3511231208903735,0.9244725377097545,1.0,0.3743063629292737,0.9366032483300499,1.0,0.2667597285735572,0.9244725377097545,1.0,0.24973254339285988,0.7199453835523755
187,187.0,ILP_1.0,0.4,InsertAlienActivityPolluter,1.0,0.5610530725384172,0.7968022568517868,1.0,0.3511231208903735,0.9244725377097545,1.0,0.3609329371991177,0.9371121414030221,1.0,0.25013943875426004,0.9244725377097545,1.0,0.24973254339285988,0.7199453835523755
188,188.0,ILP_1.0,0.5,InsertAlienActivityPolluter,1.0,0.5610530725384172,0.7968022568517868,1.0,0.3511231208903735,0.9244725377097545,1.0,0.34555477860767736,0.9374592097002267,1.0,0.2324670459691146,0.9244725377097545,1.0,0.24973254339285988,0.7199453835523755
189,189.0,ILP_1.0,0.6,InsertAlienActivityPolluter,1.0,0.5610530725384172,0.7968022568517868,1.0,0.3511231208903735,0.9244725377097545,1.0,0.33391518881119503,0.9377155274155526,1.0,0.21926389824647186,0.9244725377097545,1.0,0.24973254339285988,0.7199453835523755
190,190.0,ILP_1.0,0.7,InsertAlienActivityPolluter,1.0,0.5610530725384172,0.7968022568517868,1.0,0.3511231208903735,0.9244725377097545,1.0,0.32539745505288464,0.9379146191583798,1.0,0.21173897932501662,0.9244725377097545,1.0,0.24973254339285988,0.7199453835523755
191,191.0,ILP_1.0,0.8,InsertAlienActivityPolluter,1.0,0.5610530725384172,0.7968022568517868,1.0,0.3511231208903735,0.9244725377097545,1.0,0.31622652596074247,0.9380751189588147,1.0,0.20298504037513712,0.9244725377097545,1.0,0.24973254339285988,0.7199453835523755
192,192.0,ILP_1.0,0.9,InsertAlienActivityPolluter,1.0,0.5610530725384172,0.7968022568517868,1.0,0.3511231208903735,0.9244725377097545,1.0,0.3053265654661227,0.938208083559785,1.0,0.191558237709129,0.9244725377097545,1.0,0.24973254339285988,0.7199453835523755
193,193.0,ILP_1.0,0.1,AggregatedEventLoggingPolluterhour,1.0,0.5610530725384172,0.7968022568517868,1.0,0.3511231208903735,0.9244725377097545,1.0,0.3648780563946822,0.9248726093539992,0.9986293600281599,0.35477964391124234,0.9244725377097545,1.0,0.31685970547784603,0.9248726093539992
194,194.0,ILP_1.0,0.2,AggregatedEventLoggingPolluterhour,1.0,0.5610530725384172,0.7968022568517868,1.0,0.3511231208903735,0.9244725377097545,1.0,0.36456861745277547,0.9248726093539992,0.9986450915999685,0.35477260559988355,0.9244725377097545,1.0,0.31685970547784603,0.9248726093539992
195,195.0,ILP_1.0,0.3,AggregatedEventLoggingPolluterhour,1.0,0.5610530725384172,0.7968022568517868,1.0,0.3511231208903735,0.9244725377097545,1.0,0.36216342752241854,0.9248726093539992,0.9986173468866502,0.3514493888371664,0.9244725377097545,1.0,0.31685970547784603,0.9248726093539992
196,196.0,ILP_1.0,0.4,AggregatedEventLoggingPolluterhour,1.0,0.5610530725384172,0.7968022568517868,1.0,0.3511231208903735,0.9244725377097545,1.0,0.3626853673282233,0.9248726093539992,0.9986546110241505,0.35215787743429494,0.9244725377097545,1.0,0.31685970547784603,0.9248726093539992
197,197.0,ILP_1.0,0.5,AggregatedEventLoggingPolluterhour,1.0,0.5610530725384172,0.7968022568517868,1.0,0.3511231208903735,0.9244725377097545,1.0,0.36301369425596375,0.9248726093539992,0.9986329208202179,0.35231056964429286,0.9244725377097545,1.0,0.31685970547784603,0.9248726093539992
198,198.0,ILP_1.0,0.6,AggregatedEventLoggingPolluterhour,1.0,0.5610530725384172,0.7968022568517868,1.0,0.3511231208903735,0.9244725377097545,1.0,0.3657952991736133,0.9248726093539992,0.9986325227852444,0.35595192166874645,0.9244725377097545,1.0,0.31685970547784603,0.9248726093539992
199,199.0,ILP_1.0,0.7,AggregatedEventLoggingPolluterhour,1.0,0.5610530725384172,0.7968022568517868,1.0,0.3511231208903735,0.9244725377097545,1.0,0.36226287646792343,0.9248726093539992,0.998663001194442,0.35151922643830125,0.9244725377097545,1.0,0.31685970547784603,0.9248726093539992
200,200.0,ILP_1.0,0.8,AggregatedEventLoggingPolluterhour,1.0,0.5610530725384172,0.7968022568517868,1.0,0.3511231208903735,0.9244725377097545,1.0,0.36547725869077463,0.9248726093539992,0.9986076946771177,0.35568559989351367,0.9244725377097545,1.0,0.31685970547784603,0.9248726093539992
201,201.0,ILP_1.0,0.9,AggregatedEventLoggingPolluterhour,1.0,0.5610530725384172,0.7968022568517868,1.0,0.3511231208903735,0.9244725377097545,1.0,0.36450308872676107,0.9248726093539992,0.9986167006473183,0.3547593193903915,0.9244725377097545,1.0,0.31685970547784603,0.9248726093539992
202,202.0,ILP_1.0,0.1,AggregatedEventLoggingPolluterday,1.0,0.5610530725384172,0.7968022568517868,1.0,0.3511231208903735,0.9244725377097545,1.0,0.3652169914652923,0.9248726093539992,0.9986404117327496,0.35565280069960764,0.9244725377097545,1.0,0.31685970547784603,0.9248726093539992
203,203.0,ILP_1.0,0.2,AggregatedEventLoggingPolluterday,1.0,0.5610530725384172,0.7968022568517868,1.0,0.3511231208903735,0.9244725377097545,1.0,0.3653968535494173,0.9248726093539992,0.9985982647907786,0.35593087767722287,0.9244725377097545,1.0,0.31685970547784603,0.9248726093539992
204,204.0,ILP_1.0,0.3,AggregatedEventLoggingPolluterday,1.0,0.5610530725384172,0.7968022568517868,1.0,0.3511231208903735,0.9244725377097545,1.0,0.3633856327674517,0.9248726093539992,0.9986115871597201,0.35263118592844866,0.9244725377097545,1.0,0.31685970547784603,0.9248726093539992
205,205.0,ILP_1.0,0.4,AggregatedEventLoggingPolluterday,1.0,0.5610530725384172,0.7968022568517868,1.0,0.3511231208903735,0.9244725377097545,1.0,0.36547474503194627,0.9248726093539992,0.9986392756068525,0.356020624672818,0.9244725377097545,1.0,0.31685970547784603,0.9248726093539992
206,206.0,ILP_1.0,0.5,AggregatedEventLoggingPolluterday,1.0,0.5610530725384172,0.7968022568517868,1.0,0.3511231208903735,0.9244725377097545,1.0,0.36641211794286455,0.9248726093539992,0.9986360845023243,0.3568850861425157,0.9244725377097545,1.0,0.31685970547784603,0.9248726093539992
207,207.0,ILP_1.0,0.6,AggregatedEventLoggingPolluterday,1.0,0.5610530725384172,0.7968022568517868,1.0,0.3511231208903735,0.9244725377097545,1.0,0.364486224446137,0.9248726093539992,0.9986555987924219,0.3546454875054954,0.9244725377097545,1.0,0.31685970547784603,0.9248726093539992
208,208.0,ILP_1.0,0.7,AggregatedEventLoggingPolluterday,1.0,0.5610530725384172,0.7968022568517868,1.0,0.3511231208903735,0.9244725377097545,1.0,0.36238866400444586,0.9248726093539992,0.9986450045880562,0.3516480311496079,0.9244725377097545,1.0,0.31685970547784603,0.9248726093539992
209,209.0,ILP_1.0,0.8,AggregatedEventLoggingPolluterday,1.0,0.5610530725384172,0.7968022568517868,1.0,0.3511231208903735,0.9244725377097545,1.0,0.3645948520015886,0.9248726093539992,0.9986468644264335,0.3547831279239628,0.9244725377097545,1.0,0.31685970547784603,0.9248726093539992
210,210.0,ILP_1.0,0.9,AggregatedEventLoggingPolluterday,1.0,0.5610530725384172,0.7968022568517868,1.0,0.3511231208903735,0.9244725377097545,1.0,0.3620602365418141,0.9248726093539992,0.9986512596199291,0.35136412095208164,0.9244725377097545,1.0,0.31685970547784603,0.9248726093539992
211,211.0,ILP_1.0,0.1,DelayedEventLoggingPolluter120_0,1.0,0.5610530725384172,0.7968022568517868,1.0,0.3511231208903735,0.9244725377097545,1.0,0.44773001791342965,0.9248726093539992,0.9988191480952557,0.4368533593025912,0.9244725377097545,1.0,0.31525601897331945,0.9248726093539992
212,212.0,ILP_1.0,0.2,DelayedEventLoggingPolluter120_0,1.0,0.5610530725384172,0.7968022568517868,1.0,0.3511231208903735,0.9244725377097545,1.0,0.4675709416874847,0.9248726093539992,0.9979225736899046,0.45889385719665376,0.9244725377097545,1.0,0.31548504705962394,0.9248726093539992
213,213.0,ILP_1.0,0.3,DelayedEventLoggingPolluter120_0,1.0,0.5610530725384172,0.7968022568517868,1.0,0.3511231208903735,0.9244725377097545,1.0,0.470720758592083,0.9248726093539992,0.9968298484537609,0.4622921879690681,0.9244725377097545,1.0,0.3150416313079132,0.9248726093539992
214,214.0,ILP_1.0,0.4,DelayedEventLoggingPolluter120_0,1.0,0.5610530725384172,0.7968022568517868,1.0,0.3511231208903735,0.9244725377097545,1.0,0.4674204036147214,0.9248726093539992,0.9960510210929134,0.46187557117222217,0.9244725377097545,1.0,0.31481693060546606,0.9248726093539992
215,215.0,ILP_1.0,0.5,DelayedEventLoggingPolluter120_0,1.0,0.5610530725384172,0.7968022568517868,1.0,0.3511231208903735,0.9244725377097545,1.0,0.47047968847845745,0.9248726093539992,0.995457240714805,0.4652108452549871,0.9244725377097545,1.0,0.31503176700116226,0.9248726093539992
216,216.0,ILP_1.0,0.6,DelayedEventLoggingPolluter120_0,1.0,0.5610530725384172,0.7968022568517868,1.0,0.3511231208903735,0.9244725377097545,1.0,0.46229966583908627,0.9248726093539992,0.9954150956808242,0.4576125683095391,0.9244725377097545,1.0,0.3150416313079132,0.9248726093539992
217,217.0,ILP_1.0,0.7,DelayedEventLoggingPolluter120_0,1.0,0.5610530725384172,0.7968022568517868,1.0,0.3511231208903735,0.9244725377097545,1.0,0.4645270823573085,0.9248726093539992,0.9953159403500724,0.4601251751783251,0.9244725377097545,1.0,0.3150416313079132,0.9248726093539992
218,218.0,ILP_1.0,0.8,DelayedEventLoggingPolluter120_0,1.0,0.5610530725384172,0.7968022568517868,1.0,0.3511231208903735,0.9244725377097545,1.0,0.47017269396947203,0.9248726093539992,0.9945257970648689,0.4687088297782888,0.9244725377097545,1.0,0.3150416313079132,0.9248726093539992
219,219.0,ILP_1.0,0.9,DelayedEventLoggingPolluter120_0,1.0,0.5610530725384172,0.7968022568517868,1.0,0.3511231208903735,0.9244725377097545,1.0,0.4698956454019722,0.9248726093539992,0.9947708308646082,0.4680883368926838,0.9244725377097545,1.0,0.3148194431787824,0.9248726093539992
220,220.0,ILP_1.0,0.1,DeleteActivityPolluter,1.0,0.5610530725384172,0.7968022568517868,1.0,0.3511231208903735,0.9244725377097545,1.0,0.4381478325523258,0.9223663834509053,0.966295096322979,0.47756893312471205,0.9218944535529552,1.0,0.27316518679526924,0.9248726093539992
221,221.0,ILP_1.0,0.2,DeleteActivityPolluter,1.0,0.5610530725384172,0.7968022568517868,1.0,0.3511231208903735,0.9244725377097545,1.0,0.49030634550785035,0.9321688888310634,0.9365608270700025,0.5111392482634599,0.9199589268572151,1.0,0.27631111290405924,0.9365562818956406
222,222.0,ILP_1.0,0.3,DeleteActivityPolluter,1.0,0.5610530725384172,0.7968022568517868,1.0,0.3511231208903735,0.9244725377097545,1.0,0.4952836789113961,0.9285977325235648,0.911581079194192,0.5506048536888738,0.9162886131251675,1.0,0.27631111290405924,0.9365562818956406
223,223.0,ILP_1.0,0.4,DeleteActivityPolluter,1.0,0.5610530725384172,0.7968022568517868,1.0,0.3511231208903735,0.9244725377097545,1.0,0.524292433123359,0.9127999983374855,0.8858955799815295,0.5835996833284749,0.912017684072244,1.0,0.27316518679526924,0.9248726093539992
224,224.0,ILP_1.0,0.5,DeleteActivityPolluter,1.0,0.5610530725384172,0.7968022568517868,1.0,0.3511231208903735,0.9244725377097545,1.0,0.5429164700983384,0.9056166283969386,0.8650308851745541,0.5717248301832488,0.904712255871017,1.0,0.27316518679526924,0.9248726093539992
225,225.0,ILP_1.0,0.6,DeleteActivityPolluter,1.0,0.5610530725384172,0.7968022568517868,1.0,0.3511231208903735,0.9244725377097545,1.0,0.5569209813159006,0.8972147561624234,0.8442646122212192,0.5872328822922762,0.8960598013621931,1.0,0.27316518679526924,0.9248726093539992
226,226.0,ILP_1.0,0.7,DeleteActivityPolluter,1.0,0.5610530725384172,0.7968022568517868,1.0,0.3511231208903735,0.9244725377097545,1.0,0.5738630552526222,0.8964009607221788,0.8242100562452863,0.5954641271158002,0.8835536615366691,1.0,0.27631111290405924,0.9365562818956406
227,227.0,ILP_1.0,0.8,DeleteActivityPolluter,1.0,0.5610530725384172,0.7968022568517868,1.0,0.3511231208903735,0.9244725377097545,1.0,0.5976521753042213,0.9024430748841898,0.811593971473731,0.6355199083666571,0.8894406396269898,1.0,0.27631111290405924,0.9365562818956406
228,228.0,ILP_1.0,0.9,DeleteActivityPolluter,1.0,0.5610530725384172,0.7968022568517868,1.0,0.3511231208903735,0.9244725377097545,1.0,0.6110536449224158,0.8834519281524223,0.7946948969475273,0.6587042281432998,0.8699437978020083,1.0,0.27631111290405924,0.9365562818956406
229,229.0,ILP_1.0,1.0,ImpreciseActivityPolluter,1.0,0.5610530725384172,0.7968022568517868,1.0,0.3511231208903735,0.9244725377097545,1.0,0.3511231208903735,0.9244725377097545,1.0,0.3511231208903735,0.9244725377097545,1.0,0.3511231208903735,0.9244725377097545
230,230.0,IM_0.0,0.1,DelayedEventLoggingPolluter16259_39729850256,1.0,0.5610530725384172,0.7968022568517868,1.0,0.5121873114361892,0.9153986399295818,1.0,0.4930224075673531,0.9189866349387819,0.9869592941862028,0.6228782425408748,0.9252210882105683,0.9999998967532618,0.33027120838343166,0.9165315018952332
231,231.0,IM_0.0,0.2,DelayedEventLoggingPolluter16259_39729850256,1.0,0.5610530725384172,0.7968022568517868,1.0,0.5121873114361892,0.9153986399295818,1.0,0.5318659457946001,0.9281265768828946,0.9781462429729838,0.6609396559683888,0.9258744724237811,1.0,0.3436933881185358,0.9214431932489932
232,232.0,IM_0.0,0.3,DelayedEventLoggingPolluter16259_39729850256,1.0,0.5610530725384172,0.7968022568517868,1.0,0.5121873114361892,0.9153986399295818,1.0,0.5204581117216336,0.9300368173704807,0.969938140987987,0.6458918173583098,0.9260029151975799,1.0,0.3348056316583659,0.9300368173704807
233,233.0,IM_0.0,0.4,DelayedEventLoggingPolluter16259_39729850256,1.0,0.5610530725384172,0.7968022568517868,1.0,0.5121873114361892,0.9153986399295818,1.0,0.5027024586877741,0.9433691801900997,0.9646073378391211,0.660051152402829,0.9268136483537683,1.0,0.3101970698294118,0.9366763554317042
234,234.0,IM_0.0,0.5,DelayedEventLoggingPolluter16259_39729850256,1.0,0.5610530725384172,0.7968022568517868,1.0,0.5121873114361892,0.9153986399295818,1.0,0.5391163965756199,0.9293766430327545,0.9608066023721785,0.6956893890998896,0.9260481873067107,1.0,0.3360552928715208,0.9293766430327545
235,235.0,IM_0.0,0.6,DelayedEventLoggingPolluter16259_39729850256,1.0,0.5610530725384172,0.7968022568517868,1.0,0.5121873114361892,0.9153986399295818,1.0,0.516597364900033,0.9302867123487395,0.9558785831134997,0.6751823087377763,0.926529662332385,0.9999999464646543,0.32520840391232325,0.923387353452489
236,236.0,IM_0.0,0.7,DelayedEventLoggingPolluter16259_39729850256,1.0,0.5610530725384172,0.7968022568517868,1.0,0.5121873114361892,0.9153986399295818,1.0,0.5013404261549204,0.9412811946446006,0.9537045023218983,0.6882154421620492,0.9259165140310324,0.9999949885763721,0.30032830928851967,0.9412793012235876
237,237.0,IM_0.0,0.8,DelayedEventLoggingPolluter16259_39729850256,1.0,0.5610530725384172,0.7968022568517868,1.0,0.5121873114361892,0.9153986399295818,1.0,0.5210309863292182,0.9246735355815114,0.9513975052480332,0.668655577168203,0.9266142225274214,1.0,0.3249153436587772,0.9246735355815114
238,238.0,IM_0.0,0.9,DelayedEventLoggingPolluter16259_39729850256,1.0,0.5610530725384172,0.7968022568517868,1.0,0.5121873114361892,0.9153986399295818,1.0,0.5063566052606849,0.9341643570564875,0.949826938366731,0.6925251464638118,0.9262877462092772,1.0,0.32086787722223203,0.9309421526243622
239,239.0,IM_0.2,0.1,DelayedEventLoggingPolluter16259_39729850256,1.0,0.5610530725384172,0.7968022568517868,0.9251383314940266,0.6954807764326355,0.9141587921275665,0.8743160513390738,0.6488021194600136,0.8784542829237838,0.9061934508061446,0.753213020939626,0.9274285204575219,0.8744317002608957,0.41238799263351406,0.8764186480339224
240,240.0,IM_0.2,0.2,DelayedEventLoggingPolluter16259_39729850256,1.0,0.5610530725384172,0.7968022568517868,0.9251383314940266,0.6954807764326355,0.9141587921275665,0.8669757971721024,0.6258406819067077,0.9048575076772982,0.892624818022657,0.7405920349535896,0.9308357059707216,0.8702409983924441,0.37232588007136225,0.8851265962614452
241,241.0,IM_0.2,0.3,DelayedEventLoggingPolluter16259_39729850256,1.0,0.5610530725384172,0.7968022568517868,0.9251383314940266,0.6954807764326355,0.9141587921275665,0.8500741231756452,0.6763831690919685,0.9067388904376124,0.8816864674292577,0.7590876763001043,0.9310196467203303,0.8555268776957894,0.41942767409836434,0.904053810855465
242,242.0,IM_0.2,0.4,DelayedEventLoggingPolluter16259_39729850256,1.0,0.5610530725384172,0.7968022568517868,0.9251383314940266,0.6954807764326355,0.9141587921275665,0.893869739285179,0.578282507097052,0.9034968086466875,0.8736335613800891,0.764940910566056,0.9335591110654703,0.8996174844270719,0.39246184970804976,0.8800304888931105
243,243.0,IM_0.2,0.5,DelayedEventLoggingPolluter16259_39729850256,1.0,0.5610530725384172,0.7968022568517868,0.9251383314940266,0.6954807764326355,0.9141587921275665,0.877461616179346,0.647417995338641,0.9115535040812527,0.8662549956352394,0.7673144756062281,0.9321862661632716,0.8861787365190252,0.37772142907081663,0.8978052743133893
244,244.0,IM_0.2,0.6,DelayedEventLoggingPolluter16259_39729850256,1.0,0.5610530725384172,0.7968022568517868,0.9251383314940266,0.6954807764326355,0.9141587921275665,0.885475771747735,0.6445127627627603,0.9185788056049506,0.8618263127736946,0.7685345784864784,0.9334393326327511,0.8868509995139437,0.4063660255897935,0.9013500706136942
245,245.0,IM_0.2,0.7,DelayedEventLoggingPolluter16259_39729850256,1.0,0.5610530725384172,0.7968022568517868,0.9251383314940266,0.6954807764326355,0.9141587921275665,0.8671688109157831,0.586287330638549,0.9134557628716858,0.8576878000292266,0.7844783867505658,0.9341151797429472,0.8680029989631339,0.3735571569243164,0.8911306413673423
246,246.0,IM_0.2,0.8,DelayedEventLoggingPolluter16259_39729850256,1.0,0.5610530725384172,0.7968022568517868,0.9251383314940266,0.6954807764326355,0.9141587921275665,0.8746230616636586,0.6080044143681476,0.9234911846883547,0.8526315912197161,0.7759090602869299,0.9346134285324497,0.8764776174312676,0.38807065575669886,0.9037864132321458
247,247.0,IM_0.2,0.9,DelayedEventLoggingPolluter16259_39729850256,1.0,0.5610530725384172,0.7968022568517868,0.9251383314940266,0.6954807764326355,0.9141587921275665,0.8378634865090422,0.5918584834216695,0.9430423546511172,0.8498883925418077,0.8046009206983729,0.9340546825784843,0.8382009530441347,0.3563721632788378,0.9347708464464374
248,248.0,ALPHA,0.1,DelayedEventLoggingPolluter16259_39729850256,1.0,0.5610530725384172,0.7968022568517868,0.7286727455454846,0.4848698946073847,0.9151495783953696,0.43541239692252265,0.4869799289039134,0.9151495783953696,0.7227009656950165,0.6313541132617392,0.9151495783953696,0.43721604504738,0.23847944404561394,0.9151495783953696
249,249.0,ALPHA,0.2,DelayedEventLoggingPolluter16259_39729850256,1.0,0.5610530725384172,0.7968022568517868,0.7286727455454846,0.4848698946073847,0.9151495783953696,0.4198076031451303,0.48512306690914014,0.9151495783953696,0.7188202922302885,0.6384218174327194,0.9151495783953696,0.41983944583840366,0.18134413938766109,0.9151495783953696
250,250.0,ALPHA,0.3,DelayedEventLoggingPolluter16259_39729850256,1.0,0.5610530725384172,0.7968022568517868,0.7286727455454846,0.4848698946073847,0.9151495783953696,0.39473965775140296,0.5135022173025692,0.9151495783953696,0.7153977389432257,0.6484583568255556,0.9151495783953696,0.3946430961787423,0.15567401669121547,0.9151495783953696
251,251.0,ALPHA,0.4,DelayedEventLoggingPolluter16259_39729850256,1.0,0.5610530725384172,0.7968022568517868,0.7286727455454846,0.4848698946073847,0.9151495783953696,0.38641653852674407,0.6368897224704764,0.9151495783953696,0.7117114291662343,0.6686408340768768,0.9151495783953696,0.386366942368151,0.1968617274426161,0.9151495783953696
252,252.0,ALPHA,0.5,DelayedEventLoggingPolluter16259_39729850256,1.0,0.5610530725384172,0.7968022568517868,0.7286727455454846,0.4848698946073847,0.9151495783953696,0.395814506302005,0.5303409191315821,0.9151495783953696,0.7106982628741602,0.6765820220846246,0.9151495783953696,0.395801119906358,0.17598889973960324,0.9151495783953696
253,253.0,ALPHA,0.6,DelayedEventLoggingPolluter16259_39729850256,1.0,0.5610530725384172,0.7968022568517868,0.7286727455454846,0.4848698946073847,0.9151495783953696,0.3938309265588752,0.5163076343166437,0.9151495783953696,0.708606321981134,0.6636603867794121,0.9151495783953696,0.39385900189636663,0.199206953413825,0.9151495783953696
254,254.0,ALPHA,0.7,DelayedEventLoggingPolluter16259_39729850256,1.0,0.5610530725384172,0.7968022568517868,0.7286727455454846,0.4848698946073847,0.9151495783953696,0.3964130595250091,0.5771952870185653,0.9151495783953696,0.7064628879545836,0.6824762518146592,0.9151495783953696,0.3964283714044557,0.17645198586623068,0.9151495783953696
255,255.0,ALPHA,0.8,DelayedEventLoggingPolluter16259_39729850256,1.0,0.5610530725384172,0.7968022568517868,0.7286727455454846,0.4848698946073847,0.9151495783953696,0.3919809642096819,0.5786331680189798,0.9151495783953696,0.7056048427373944,0.6622627063790985,0.9151495783953696,0.3921847924219782,0.1945607689933927,0.9151495783953696
256,256.0,ALPHA,0.9,DelayedEventLoggingPolluter16259_39729850256,1.0,0.5610530725384172,0.7968022568517868,0.7286727455454846,0.4848698946073847,0.9151495783953696,0.37649358056694665,0.6394071973318405,0.9151495783953696,0.7049445200005491,0.6983385831122537,0.9151495783953696,0.3765375638876283,0.21098786233415562,0.9151495783953696
257,257.0,ILP_0.8,0.1,DelayedEventLoggingPolluter16259_39729850256,1.0,0.5610530725384172,0.7968022568517868,0.9767622055691506,0.7201654370461762,0.9248450397630683,0.9682397348630468,0.6875873972576835,0.9248719321306847,0.9565350168091171,0.7574233545136809,0.9248450309772864,0.982636593086988,0.6429610285299612,0.9248719406653693
258,258.0,ILP_0.8,0.2,DelayedEventLoggingPolluter16259_39729850256,1.0,0.5610530725384172,0.7968022568517868,0.9767622055691506,0.7201654370461762,0.9248450397630683,0.9592990573235499,0.741422375973731,0.9248627443099202,0.9400572959471282,0.7539143640054691,0.9248450191707216,0.9859000372548608,0.7053161518049476,0.9248627633945021
259,259.0,ILP_0.8,0.3,DelayedEventLoggingPolluter16259_39729850256,1.0,0.5610530725384172,0.7968022568517868,0.9767622055691506,0.7201654370461762,0.9248450397630683,0.9595711092836986,0.7347451376665755,0.9248623046412994,0.9272748853972944,0.7481114777461575,0.9248450113780646,0.9829049690342724,0.6572635151337253,0.9248622981952033
260,260.0,ILP_0.8,0.4,DelayedEventLoggingPolluter16259_39729850256,1.0,0.5610530725384172,0.7968022568517868,0.9767622055691506,0.7201654370461762,0.9248450397630683,0.9878256322093197,0.7371545474184356,0.9248714893947857,0.9183413524976666,0.7485920064385951,0.9248450003102116,0.9923277328706578,0.5839146929056721,0.9248714754660704
261,261.0,ILP_0.8,0.5,DelayedEventLoggingPolluter16259_39729850256,1.0,0.5610530725384172,0.7968022568517868,0.9767622055691506,0.7201654370461762,0.9248450397630683,0.9883287256859838,0.7031881244908599,0.9248721655494232,0.9078229346105782,0.7570285110710695,0.9248449942695833,0.9933409979255051,0.5049381418185086,0.9248723078156962
262,262.0,ILP_0.8,0.6,DelayedEventLoggingPolluter16259_39729850256,1.0,0.5610530725384172,0.7968022568517868,0.9767622055691506,0.7201654370461762,0.9248450397630683,0.9868293786079115,0.70139515619258,0.9248720921909499,0.9034728271932697,0.7606005770400496,0.924844989233774,0.9926464787488165,0.5211997089191427,0.9248723078156962
263,263.0,ILP_0.8,0.7,DelayedEventLoggingPolluter16259_39729850256,1.0,0.5610530725384172,0.7968022568517868,0.9767622055691506,0.7201654370461762,0.9248450397630683,0.9857287346917147,0.7048818412501194,0.9248716597782741,0.8974117447402151,0.7564357778033489,0.9248449864633221,0.9923500205245515,0.4993881212596322,0.9248719356455849
264,264.0,ILP_0.8,0.8,DelayedEventLoggingPolluter16259_39729850256,1.0,0.5610530725384172,0.7968022568517868,0.9767622055691506,0.7201654370461762,0.9248450397630683,0.9848533273227389,0.7367245044600594,0.9248722017376552,0.8908390603610634,0.7541189920719237,0.924844993514325,0.9919681955850443,0.5776133619975145,0.9248723078156962
265,265.0,ILP_0.8,0.9,DelayedEventLoggingPolluter16259_39729850256,1.0,0.5610530725384172,0.7968022568517868,0.9767622055691506,0.7201654370461762,0.9248450397630683,0.9865325936939554,0.7195801527511014,0.9248721832637283,0.887204390778081,0.7654138686115987,0.9248449887300956,0.9931828043832578,0.5052364433727047,0.9248723078156962
266,266.0,ILP_1.0,0.1,DelayedEventLoggingPolluter16259_39729850256,1.0,0.5610530725384172,0.7968022568517868,1.0,0.3511231208903735,0.9244725377097545,1.0,0.4678450818653497,0.9248726093539992,0.994855758623614,0.47795019251258136,0.9244725377097545,1.0,0.30210298654534007,0.9248726093539992
267,267.0,ILP_1.0,0.2,DelayedEventLoggingPolluter16259_39729850256,1.0,0.5610530725384172,0.7968022568517868,1.0,0.3511231208903735,0.9244725377097545,1.0,0.4788116886526587,0.9248726093539992,0.9914032214204694,0.5003345103674874,0.9244725377097545,1.0,0.2961511203923842,0.9248726093539992
268,268.0,ILP_1.0,0.3,DelayedEventLoggingPolluter16259_39729850256,1.0,0.5610530725384172,0.7968022568517868,1.0,0.3511231208903735,0.9244725377097545,1.0,0.4825097128149425,0.9248726093539992,0.9886709146106007,0.5078246879082627,0.9244725377097545,1.0,0.29898050470565496,0.9248726093539992
269,269.0,ILP_1.0,0.4,DelayedEventLoggingPolluter16259_39729850256,1.0,0.5610530725384172,0.7968022568517868,1.0,0.3511231208903735,0.9244725377097545,1.0,0.478267979129819,0.9248726093539992,0.9856332356342329,0.5133748103276604,0.9244725377097545,1.0,0.2954895072531779,0.9248726093539992
270,270.0,ILP_1.0,0.5,DelayedEventLoggingPolluter16259_39729850256,1.0,0.5610530725384172,0.7968022568517868,1.0,0.3511231208903735,0.9244725377097545,1.0,0.47950078313140626,0.9248726093539992,0.9836264916181644,0.5049071455145543,0.9244725377097545,1.0,0.29354756380749847,0.9248726093539992
271,271.0,ILP_1.0,0.6,DelayedEventLoggingPolluter16259_39729850256,1.0,0.5610530725384172,0.7968022568517868,1.0,0.3511231208903735,0.9244725377097545,1.0,0.4843503951817975,0.9248726093539992,0.9822394530998334,0.5119667376553712,0.9244725377097545,1.0,0.2950689937443586,0.9248726093539992
272,272.0,ILP_1.0,0.7,DelayedEventLoggingPolluter16259_39729850256,1.0,0.5610530725384172,0.7968022568517868,1.0,0.3511231208903735,0.9244725377097545,1.0,0.48903587853944347,0.9248726093539992,0.9811251583605473,0.5192590750831589,0.9244725377097545,1.0,0.2952830256946034,0.9248726093539992
273,273.0,ILP_1.0,0.8,DelayedEventLoggingPolluter16259_39729850256,1.0,0.5610530725384172,0.7968022568517868,1.0,0.3511231208903735,0.9244725377097545,1.0,0.49195107261926985,0.9248726093539992,0.9811178367840782,0.5217151751332492,0.9244725377097545,1.0,0.29311499082783715,0.9248726093539992
274,274.0,ILP_1.0,0.9,DelayedEventLoggingPolluter16259_39729850256,1.0,0.5610530725384172,0.7968022568517868,1.0,0.3511231208903735,0.9244725377097545,1.0,0.5028050302102709,0.9248726093539992,0.9796147879648059,0.5335377534373865,0.9244725377097545,1.0,0.2959370884421394,0.9248726093539992
