algorithm,percentage,alien_activity_nr,pollution_pattern,fitness_tbr_cl-bm,precision_tbr_cl-bm,generalization_tbr_cl-bm,fitness_tbr_cl-cm,precision_tbr_cl-cm,generalization_tbr_cl-cm,fitness_tbr_pl-pm,precision_tbr_pl-pm,generalization_tbr_pl-pm,fitness_tbr_pl-cm,precision_tbr_pl-cm,generalization_tbr_pl-cm,fitness_tbr_cl-pm,precision_tbr_cl-pm,generalization_tbr_cl-pm,target_precision,distribution,parameters,mean_delay,precise_activity_labels,new_activity_label
IM_0.0,0.1,sqrt,InsertAlienActivityPolluter,1.0,0.5095860905551373,0.8796989934874723,1.0,0.51131871034292,0.9097037874179301,0.9898029635542016,0.505280071418307,0.9365323814027853,1.0,0.43996855734621054,0.9097037874179301,0.9912295795023616,0.31768394409147704,0.829780667821514,,,,,,
IM_0.0,0.2,sqrt,InsertAlienActivityPolluter,1.0,0.5095860905551373,0.8796989934874723,1.0,0.51131871034292,0.9097037874179301,1.0,0.43554888736503905,0.9245252252708641,1.0,0.36457390594194994,0.9097037874179301,1.0,0.3122504280578352,0.7906289292030233,,,,,,
IM_0.0,0.3,sqrt,InsertAlienActivityPolluter,1.0,0.5095860905551373,0.8796989934874723,1.0,0.51131871034292,0.9097037874179301,1.0,0.4707494337121192,0.9367306555116012,1.0,0.3381094271752726,0.9097037874179301,1.0,0.3536071449399837,0.7248006019145883,,,,,,
IM_0.0,0.4,sqrt,InsertAlienActivityPolluter,1.0,0.5095860905551373,0.8796989934874723,1.0,0.51131871034292,0.9097037874179301,1.0,0.3679873090375336,0.9370722445937998,1.0,0.31728495906562537,0.9097037874179301,0.9999998134897632,0.29491806030071466,0.7919202002992521,,,,,,
IM_0.0,0.5,sqrt,InsertAlienActivityPolluter,1.0,0.5095860905551373,0.8796989934874723,1.0,0.51131871034292,0.9097037874179301,1.0,0.4146608618558322,0.9381726127184181,1.0,0.2924945883789468,0.9097037874179301,1.0,0.33858688237871704,0.7380652185822777,,,,,,
IM_0.0,0.6,sqrt,InsertAlienActivityPolluter,1.0,0.5095860905551373,0.8796989934874723,1.0,0.51131871034292,0.9097037874179301,1.0,0.35005213306224847,0.9427623568965642,1.0,0.26856741845285803,0.9097037874179301,1.0,0.2780047205516466,0.7327431020321017,,,,,,
IM_0.0,0.7,sqrt,InsertAlienActivityPolluter,1.0,0.5095860905551373,0.8796989934874723,1.0,0.51131871034292,0.9097037874179301,1.0,0.3664921378410978,0.9310330311825177,1.0,0.22486121795475067,0.9097037874179301,1.0,0.3588811323375154,0.7214388512812839,,,,,,
IM_0.0,0.8,sqrt,InsertAlienActivityPolluter,1.0,0.5095860905551373,0.8796989934874723,1.0,0.51131871034292,0.9097037874179301,1.0,0.34102144215182784,0.9437120805744668,1.0,0.22100953629408837,0.9097037874179301,1.0,0.3400133901124097,0.7282997290296661,,,,,,
IM_0.0,0.9,sqrt,InsertAlienActivityPolluter,1.0,0.5095860905551373,0.8796989934874723,1.0,0.51131871034292,0.9097037874179301,1.0,0.30121720830100485,0.9428287608227119,1.0,0.20803098225678152,0.9097037874179301,1.0,0.2780047205516466,0.7327431020321017,,,,,,
IM_0.0,0.1,,AggregatedEventLoggingPolluter,1.0,0.5095860905551373,0.8796989934874723,1.0,0.51131871034292,0.9097037874179301,1.0,0.5204208182469188,0.9097059674758856,1.0,0.5204208182469188,0.9097059674758856,1.0,0.51131871034292,0.9097037874179301,hour,,,,,
IM_0.0,0.2,,AggregatedEventLoggingPolluter,1.0,0.5095860905551373,0.8796989934874723,1.0,0.51131871034292,0.9097037874179301,1.0,0.5204198939404547,0.9097054658674911,1.0,0.5204198939404547,0.9097054658674911,1.0,0.51131871034292,0.9097037874179301,hour,,,,,
IM_0.0,0.3,,AggregatedEventLoggingPolluter,1.0,0.5095860905551373,0.8796989934874723,1.0,0.51131871034292,0.9097037874179301,1.0,0.5204222047066147,0.9097054658674911,1.0,0.5204222047066147,0.9097054658674911,1.0,0.51131871034292,0.9097037874179301,hour,,,,,
IM_0.0,0.4,,AggregatedEventLoggingPolluter,1.0,0.5095860905551373,0.8796989934874723,1.0,0.51131871034292,0.9097037874179301,1.0,0.5204057982668792,0.9097051309692586,1.0,0.5204057982668792,0.9097051309692586,1.0,0.51131871034292,0.9097037874179301,hour,,,,,
IM_0.0,0.5,,AggregatedEventLoggingPolluter,1.0,0.5095860905551373,0.8796989934874723,1.0,0.51131871034292,0.9097037874179301,1.0,0.5204039496539512,0.9097047956759873,1.0,0.5204039496539512,0.9097047956759873,1.0,0.51131871034292,0.9097037874179301,hour,,,,,
IM_0.0,0.6,,AggregatedEventLoggingPolluter,1.0,0.5095860905551373,0.8796989934874723,1.0,0.51131871034292,0.9097037874179301,1.0,0.5204078779564232,0.9097047956759873,1.0,0.5204078779564232,0.9097047956759873,1.0,0.51131871034292,0.9097037874179301,hour,,,,,
IM_0.0,0.7,,AggregatedEventLoggingPolluter,1.0,0.5095860905551373,0.8796989934874723,1.0,0.51131871034292,0.9097037874179301,1.0,0.5204011767345593,0.9097049633720528,1.0,0.5204011767345593,0.9097049633720528,1.0,0.51131871034292,0.9097037874179301,hour,,,,,
IM_0.0,0.8,,AggregatedEventLoggingPolluter,1.0,0.5095860905551373,0.8796989934874723,1.0,0.51131871034292,0.9097037874179301,1.0,0.5204198939404547,0.9097054658674911,1.0,0.5204198939404547,0.9097054658674911,1.0,0.51131871034292,0.9097037874179301,hour,,,,,
IM_0.0,0.9,,AggregatedEventLoggingPolluter,1.0,0.5095860905551373,0.8796989934874723,1.0,0.51131871034292,0.9097037874179301,1.0,0.5204039496539512,0.9097049633720528,1.0,0.5204039496539512,0.9097049633720528,1.0,0.51131871034292,0.9097037874179301,hour,,,,,
IM_0.0,0.1,,AggregatedEventLoggingPolluter,1.0,0.5095860905551373,0.8796989934874723,1.0,0.51131871034292,0.9097037874179301,1.0,0.5204175831742949,0.909705633168717,1.0,0.5204175831742949,0.909705633168717,1.0,0.51131871034292,0.9097037874179301,day,,,,,
IM_0.0,0.2,,AggregatedEventLoggingPolluter,1.0,0.5095860905551373,0.8796989934874723,1.0,0.51131871034292,0.9097037874179301,1.0,0.5204044118071832,0.9097051309692586,1.0,0.5204044118071832,0.9097051309692586,1.0,0.51131871034292,0.9097037874179301,day,,,,,
IM_0.0,0.3,,AggregatedEventLoggingPolluter,1.0,0.5095860905551373,0.8796989934874723,1.0,0.51131871034292,0.9097037874179301,1.0,0.5204201250170708,0.9097047956759873,1.0,0.5204201250170708,0.9097047956759873,1.0,0.51131871034292,0.9097037874179301,day,,,,,
IM_0.0,0.4,,AggregatedEventLoggingPolluter,1.0,0.5095860905551373,0.8796989934874723,1.0,0.51131871034292,0.9097037874179301,1.0,0.5204189696339908,0.9097052984677049,1.0,0.5204189696339908,0.9097052984677049,1.0,0.51131871034292,0.9097037874179301,day,,,,,
IM_0.0,0.5,,AggregatedEventLoggingPolluter,1.0,0.5095860905551373,0.8796989934874723,1.0,0.51131871034292,0.9097037874179301,1.0,0.5204205871703027,0.9097052984677049,1.0,0.5204205871703027,0.9097052984677049,1.0,0.51131871034292,0.9097037874179301,day,,,,,
IM_0.0,0.6,,AggregatedEventLoggingPolluter,1.0,0.5095860905551373,0.8796989934874723,1.0,0.51131871034292,0.9097037874179301,1.0,0.5204203560936868,0.9097049633720528,1.0,0.5204203560936868,0.9097049633720528,1.0,0.51131871034292,0.9097037874179301,day,,,,,
IM_0.0,0.7,,AggregatedEventLoggingPolluter,1.0,0.5095860905551373,0.8796989934874723,1.0,0.51131871034292,0.9097037874179301,1.0,0.5204027942708713,0.9097049633720528,1.0,0.5204027942708713,0.9097049633720528,1.0,0.51131871034292,0.9097037874179301,day,,,,,
IM_0.0,0.8,,AggregatedEventLoggingPolluter,1.0,0.5095860905551373,0.8796989934874723,1.0,0.51131871034292,0.9097037874179301,1.0,0.5204041807305673,0.9097049633720528,1.0,0.5204041807305673,0.9097049633720528,1.0,0.51131871034292,0.9097037874179301,day,,,,,
IM_0.0,0.9,,AggregatedEventLoggingPolluter,1.0,0.5095860905551373,0.8796989934874723,1.0,0.51131871034292,0.9097037874179301,1.0,0.5204071847265751,0.9097047956759873,1.0,0.5204071847265751,0.9097047956759873,1.0,0.51131871034292,0.9097037874179301,day,,,,,
IM_0.0,0.1,,DelayedEventLoggingPolluter,1.0,0.5095860905551373,0.8796989934874723,1.0,0.51131871034292,0.9097037874179301,1.0,0.4139253183014172,0.9232994423448854,0.9981042696122389,0.6219733509172332,0.919275573922381,1.0,0.3151525875434069,0.9078006069487558,,gamma,"{'shape': 2, 'scale': 2}",120.0,,
IM_0.0,0.2,,DelayedEventLoggingPolluter,1.0,0.5095860905551373,0.8796989934874723,1.0,0.51131871034292,0.9097037874179301,1.0,0.5226111282415502,0.9317543085936996,0.9965046729944158,0.6095816305406917,0.9205651574587663,1.0,0.3931810654208492,0.9317543085936996,,gamma,"{'shape': 2, 'scale': 2}",120.0,,
IM_0.0,0.3,,DelayedEventLoggingPolluter,1.0,0.5095860905551373,0.8796989934874723,1.0,0.51131871034292,0.9097037874179301,0.9999991058465095,0.491956790189906,0.9192500141976955,0.9952176400266463,0.6234827983444156,0.9201127501686892,0.9999993967905232,0.31396510340433137,0.8905416569669403,,gamma,"{'shape': 2, 'scale': 2}",120.0,,
IM_0.0,0.4,,DelayedEventLoggingPolluter,1.0,0.5095860905551373,0.8796989934874723,1.0,0.51131871034292,0.9097037874179301,1.0,0.5300117465879894,0.932389744091516,0.994007892087773,0.6372818728696737,0.9201596513428283,1.0,0.35870094891824045,0.932389744091516,,gamma,"{'shape': 2, 'scale': 2}",120.0,,
IM_0.0,0.5,,DelayedEventLoggingPolluter,1.0,0.5095860905551373,0.8796989934874723,1.0,0.51131871034292,0.9097037874179301,1.0,0.4449956665556236,0.9346417138615246,0.9930036226812569,0.6104935671684819,0.921395227888741,1.0,0.3143283277279979,0.9320556120580972,,gamma,"{'shape': 2, 'scale': 2}",120.0,,
IM_0.0,0.6,,DelayedEventLoggingPolluter,1.0,0.5095860905551373,0.8796989934874723,1.0,0.51131871034292,0.9097037874179301,1.0,0.48456046108615014,0.9327020803662617,0.992217660362763,0.6288258292086311,0.9212822053299715,1.0,0.33625671816666536,0.9327020803662617,,gamma,"{'shape': 2, 'scale': 2}",120.0,,
IM_0.0,0.7,,DelayedEventLoggingPolluter,1.0,0.5095860905551373,0.8796989934874723,1.0,0.51131871034292,0.9097037874179301,1.0,0.4377877743591173,0.9162499159798141,0.9913750464905386,0.6402996922191071,0.9253533254882658,1.0,0.30809926491214334,0.9140144952479016,,gamma,"{'shape': 2, 'scale': 2}",120.0,,
IM_0.0,0.8,,DelayedEventLoggingPolluter,1.0,0.5095860905551373,0.8796989934874723,1.0,0.51131871034292,0.9097037874179301,1.0,0.5125700113700138,0.9316539786870563,0.9908622056972859,0.6726612751384493,0.9215658191372899,1.0,0.33629165170473907,0.9316539786870563,,gamma,"{'shape': 2, 'scale': 2}",120.0,,
IM_0.0,0.9,,DelayedEventLoggingPolluter,1.0,0.5095860905551373,0.8796989934874723,1.0,0.51131871034292,0.9097037874179301,1.0,0.5160854440519905,0.9316343356040044,0.9904440417776699,0.6561892028797103,0.921923037285375,1.0,0.33629165170473907,0.9316343356040044,,gamma,"{'shape': 2, 'scale': 2}",120.0,,
IM_0.0,0.1,,DeleteActivityPolluter,1.0,0.5095860905551373,0.8796989934874723,1.0,0.51131871034292,0.9097037874179301,1.0,0.5563485391910048,0.9347412335012869,0.9899290952526952,0.6677144524742766,0.9164060514621122,1.0,0.36167752380854845,0.890075153247806,,,,,,
IM_0.0,0.2,,DeleteActivityPolluter,1.0,0.5095860905551373,0.8796989934874723,1.0,0.51131871034292,0.9097037874179301,1.0,0.5578491089200511,0.9261293872489849,0.9736578593177145,0.6700519819408054,0.9228228321391891,1.0,0.35315618497292556,0.8745938179392008,,,,,,
IM_0.0,0.3,,DeleteActivityPolluter,1.0,0.5095860905551373,0.8796989934874723,1.0,0.51131871034292,0.9097037874179301,1.0,0.6816961494858698,0.9418160659199657,0.9505008459581238,0.7432548266511616,0.9187795708750021,1.0,0.36490798642010613,0.9058068359240687,,,,,,
IM_0.0,0.4,,DeleteActivityPolluter,1.0,0.5095860905551373,0.8796989934874723,1.0,0.51131871034292,0.9097037874179301,1.0,0.6817348667777814,0.9490252439822764,0.9237268595727701,0.7371752403354702,0.9178915116510619,1.0,0.35075254168276504,0.8846716197610481,,,,,,
IM_0.0,0.5,,DeleteActivityPolluter,1.0,0.5095860905551373,0.8796989934874723,1.0,0.51131871034292,0.9097037874179301,1.0,0.6403003302973109,0.9159638061142824,0.8926908575303897,0.7203577821552918,0.917456059478098,0.9999997897520966,0.353195053060416,0.870431548552747,,,,,,
IM_0.0,0.6,,DeleteActivityPolluter,1.0,0.5095860905551373,0.8796989934874723,1.0,0.51131871034292,0.9097037874179301,1.0,0.7386048290981857,0.9328980564512792,0.8656002838937685,0.7537974867555093,0.9113979165571766,0.999999196382822,0.36982829964103114,0.8746228751428572,,,,,,
IM_0.0,0.7,,DeleteActivityPolluter,1.0,0.5095860905551373,0.8796989934874723,1.0,0.51131871034292,0.9097037874179301,1.0,0.7750546454939895,0.9030235307926244,0.8361721292707495,0.789136820236875,0.9039948468433631,0.9999995785101893,0.36870693545453936,0.8531585805992657,,,,,,
IM_0.0,0.8,,DeleteActivityPolluter,1.0,0.5095860905551373,0.8796989934874723,1.0,0.51131871034292,0.9097037874179301,1.0,0.7492957900054883,0.9140062337036862,0.8092244367190788,0.7834233418172688,0.9064506799018506,0.9999996822340178,0.3520487536374304,0.8842767417180832,,,,,,
IM_0.0,0.9,,DeleteActivityPolluter,1.0,0.5095860905551373,0.8796989934874723,1.0,0.51131871034292,0.9097037874179301,1.0,0.8022248306002285,0.902285588918244,0.7825145428644491,0.7683605791029458,0.894726946961818,0.9999973404654711,0.3588607567496179,0.8478239493679829,,,,,,
IM_0.0,,,ImpreciseActivityPolluter,1.0,0.5095860905551373,0.8796989934874723,1.0,0.51131871034292,0.9097037874179301,1.0,0.51131871034292,0.9097037874179301,1.0,0.51131871034292,0.9097037874179301,1.0,0.51131871034292,0.9097037874179301,,,,,"['Release_A', 'Release_B', 'Release_C', 'Release_D', 'Release_E']",Release
IM_0.2,0.1,sqrt,InsertAlienActivityPolluter,1.0,0.5095860905551373,0.8796989934874723,0.9940489135465344,0.6221078124036057,0.852528066046875,0.9738821014083039,0.32693408515237365,0.792631268898067,0.9940489135465344,0.5631783229140008,0.852528066046875,0.9967201566938161,0.3313895080365018,0.6351445930367783,,,,,,
IM_0.2,0.2,sqrt,InsertAlienActivityPolluter,1.0,0.5095860905551373,0.8796989934874723,0.9940489135465344,0.6221078124036057,0.852528066046875,0.9653281538683602,0.3534898553158491,0.8171177616773362,0.9940489135465344,0.5215241565788045,0.852528066046875,0.9963062858722864,0.33984307789674806,0.6398489130426929,,,,,,
IM_0.2,0.3,sqrt,InsertAlienActivityPolluter,1.0,0.5095860905551373,0.8796989934874723,0.9940489135465344,0.6221078124036057,0.852528066046875,0.9350572144206595,0.3553138503061809,0.7256016953269071,0.9940489135465344,0.48122935647130305,0.852528066046875,0.9944308395543786,0.4218134897640994,0.5861212635213271,,,,,,
IM_0.2,0.4,sqrt,InsertAlienActivityPolluter,1.0,0.5095860905551373,0.8796989934874723,0.9940489135465344,0.6221078124036057,0.852528066046875,0.8693831502733875,0.5547621062586223,0.8590299553263707,0.9940489135465344,0.4513981537348921,0.852528066046875,0.9947438233805843,0.39890461236661634,0.7124234823482916,,,,,,
IM_0.2,0.5,sqrt,InsertAlienActivityPolluter,1.0,0.5095860905551373,0.8796989934874723,0.9940489135465344,0.6221078124036057,0.852528066046875,0.7843647706737338,0.534045928733275,0.7837290972531117,0.9940489135465344,0.43631853939738363,0.852528066046875,0.7585554606218543,0.20920022892692458,0.6527080541983272,,,,,,
IM_0.2,0.6,sqrt,InsertAlienActivityPolluter,1.0,0.5095860905551373,0.8796989934874723,0.9940489135465344,0.6221078124036057,0.852528066046875,0.8835957119791948,0.6386373161960428,0.8179003864801193,0.9940489135465344,0.41536601259360706,0.852528066046875,0.996938492949287,0.45956367852588353,0.6832462608356267,,,,,,
IM_0.2,0.7,sqrt,InsertAlienActivityPolluter,1.0,0.5095860905551373,0.8796989934874723,0.9940489135465344,0.6221078124036057,0.852528066046875,0.8480705952293842,0.7459139857075527,0.8811450520827054,0.9940489135465344,0.38826141770032774,0.852528066046875,0.8540121323930807,0.2896113591165532,0.6997523248195551,,,,,,
IM_0.2,0.8,sqrt,InsertAlienActivityPolluter,1.0,0.5095860905551373,0.8796989934874723,0.9940489135465344,0.6221078124036057,0.852528066046875,0.782218615550687,0.6045499602300661,0.8459304775074095,0.9940489135465344,0.3759960330994946,0.852528066046875,0.7534559500692847,0.3364466860317604,0.6290024441920858,,,,,,
IM_0.2,0.9,sqrt,InsertAlienActivityPolluter,1.0,0.5095860905551373,0.8796989934874723,0.9940489135465344,0.6221078124036057,0.852528066046875,0.7892337966378039,0.5726514670212508,0.8321782626304695,0.9940489135465344,0.3591182030529749,0.852528066046875,0.7534662882263554,0.3151820765304437,0.6202768974113722,,,,,,
IM_0.2,0.1,,AggregatedEventLoggingPolluter,1.0,0.5095860905551373,0.8796989934874723,0.9940489135465344,0.6221078124036057,0.852528066046875,0.9940475753812634,0.6221054519368723,0.8525359604075841,0.9940475753812634,0.6221054519368723,0.8525359604075841,0.9940489135465344,0.6221078124036057,0.852528066046875,hour,,,,,
IM_0.2,0.2,,AggregatedEventLoggingPolluter,1.0,0.5095860905551373,0.8796989934874723,0.9940489135465344,0.6221078124036057,0.852528066046875,0.9940472368063741,0.6221054519368723,0.8525326904353394,0.9940472368063741,0.6221054519368723,0.8525326904353394,0.9940489135465344,0.6221078124036057,0.852528066046875,hour,,,,,
IM_0.2,0.3,,AggregatedEventLoggingPolluter,1.0,0.5095860905551373,0.8796989934874723,0.9940489135465344,0.6221078124036057,0.852528066046875,0.9940472368063741,0.6221054519368723,0.8525381171401338,0.9940472368063741,0.6221054519368723,0.8525381171401338,0.9940489135465344,0.6221078124036057,0.852528066046875,hour,,,,,
IM_0.2,0.4,,AggregatedEventLoggingPolluter,1.0,0.5095860905551373,0.8796989934874723,0.9940489135465344,0.6221078124036057,0.852528066046875,0.9940479139561529,0.6221054519368723,0.8525359608563486,0.9940479139561529,0.6221054519368723,0.8525359608563486,0.9940489135465344,0.6221078124036057,0.852528066046875,hour,,,,,
IM_0.2,0.5,,AggregatedEventLoggingPolluter,1.0,0.5095860905551373,0.8796989934874723,0.9940489135465344,0.6221078124036057,0.852528066046875,0.9940473441085698,0.6221054519368723,0.8525324694419134,0.9940473441085698,0.6221054519368723,0.8525324694419134,0.9940489135465344,0.6221078124036057,0.852528066046875,hour,,,,,
IM_0.2,0.6,,AggregatedEventLoggingPolluter,1.0,0.5095860905551373,0.8796989934874723,0.9940489135465344,0.6221078124036057,0.852528066046875,0.994047682683459,0.6221054519368723,0.8525350032415814,0.994047682683459,0.6221054519368723,0.8525350032415814,0.9940489135465344,0.6221078124036057,0.852528066046875,hour,,,,,
IM_0.2,0.7,,AggregatedEventLoggingPolluter,1.0,0.5095860905551373,0.8796989934874723,0.9940489135465344,0.6221078124036057,0.852528066046875,0.9940473441085698,0.6221054519368723,0.8525335592726039,0.9940473441085698,0.6221054519368723,0.8525335592726039,0.9940489135465344,0.6221078124036057,0.852528066046875,hour,,,,,
IM_0.2,0.8,,AggregatedEventLoggingPolluter,1.0,0.5095860905551373,0.8796989934874723,0.9940489135465344,0.6221078124036057,0.852528066046875,0.9940473441085698,0.6221054519368723,0.8525324694419134,0.9940473441085698,0.6221054519368723,0.8525324694419134,0.9940489135465344,0.6221078124036057,0.852528066046875,hour,,,,,
IM_0.2,0.9,,AggregatedEventLoggingPolluter,1.0,0.5095860905551373,0.8796989934874723,0.9940489135465344,0.6221078124036057,0.852528066046875,0.9940470055336804,0.6221054519368723,0.8525313746101603,0.9940470055336804,0.6221054519368723,0.8525313746101603,0.9940489135465344,0.6221078124036057,0.852528066046875,hour,,,,,
IM_0.2,0.1,,AggregatedEventLoggingPolluter,1.0,0.5095860905551373,0.8796989934874723,0.9940489135465344,0.6221078124036057,0.852528066046875,0.9940473441085698,0.6221054519368723,0.8525350027928168,0.9940473441085698,0.6221054519368723,0.8525350027928168,0.9940489135465344,0.6221078124036057,0.852528066046875,day,,,,,
IM_0.2,0.2,,AggregatedEventLoggingPolluter,1.0,0.5095860905551373,0.8796989934874723,0.9940489135465344,0.6221078124036057,0.852528066046875,0.9940475753812634,0.6221054519368723,0.8525356029071751,0.9940475753812634,0.6221054519368723,0.8525356029071751,0.9940489135465344,0.6221078124036057,0.852528066046875,day,,,,,
IM_0.2,0.3,,AggregatedEventLoggingPolluter,1.0,0.5095860905551373,0.8796989934874723,0.9940489135465344,0.6221078124036057,0.852528066046875,0.9940470055336804,0.6221054519368723,0.8525306338534765,0.9940470055336804,0.6221054519368723,0.8525306338534765,0.9940489135465344,0.6221078124036057,0.852528066046875,day,,,,,
IM_0.2,0.4,,AggregatedEventLoggingPolluter,1.0,0.5095860905551373,0.8796989934874723,0.9940489135465344,0.6221078124036057,0.852528066046875,0.9940475753812634,0.6221054519368723,0.8525366837272853,0.9940475753812634,0.6221054519368723,0.8525366837272853,0.9940489135465344,0.6221078124036057,0.852528066046875,day,,,,,
IM_0.2,0.5,,AggregatedEventLoggingPolluter,1.0,0.5095860905551373,0.8796989934874723,0.9940489135465344,0.6221078124036057,0.852528066046875,0.9940473441085698,0.6221054519368723,0.8525335592726039,0.9940473441085698,0.6221054519368723,0.8525335592726039,0.9940489135465344,0.6221078124036057,0.852528066046875,day,,,,,
IM_0.2,0.6,,AggregatedEventLoggingPolluter,1.0,0.5095860905551373,0.8796989934874723,0.9940489135465344,0.6221078124036057,0.852528066046875,0.9940473441085698,0.6221054519368723,0.8525368017637918,0.9940473441085698,0.6221054519368723,0.8525368017637918,0.9940489135465344,0.6221078124036057,0.852528066046875,day,,,,,
IM_0.2,0.7,,AggregatedEventLoggingPolluter,1.0,0.5095860905551373,0.8796989934874723,0.9940489135465344,0.6221078124036057,0.852528066046875,0.9940473441085698,0.6221054519368723,0.8525339174830052,0.9940473441085698,0.6221054519368723,0.8525339174830052,0.9940489135465344,0.6221078124036057,0.852528066046875,day,,,,,
IM_0.2,0.8,,AggregatedEventLoggingPolluter,1.0,0.5095860905551373,0.8796989934874723,0.9940489135465344,0.6221078124036057,0.852528066046875,0.9940479139561529,0.6221054519368723,0.8525356033559293,0.9940479139561529,0.6221054519368723,0.8525356033559293,0.9940489135465344,0.6221078124036057,0.852528066046875,day,,,,,
IM_0.2,0.9,,AggregatedEventLoggingPolluter,1.0,0.5095860905551373,0.8796989934874723,0.9940489135465344,0.6221078124036057,0.852528066046875,0.9940475753812635,0.6221054519368723,0.8525348750977725,0.9940475753812635,0.6221054519368723,0.8525348750977725,0.9940489135465344,0.6221078124036057,0.852528066046875,day,,,,,
IM_0.2,0.1,,DelayedEventLoggingPolluter,1.0,0.5095860905551373,0.8796989934874723,0.9940489135465344,0.6221078124036057,0.852528066046875,0.7042016951578007,0.6389894538013536,0.7787060952726101,0.9922482243844092,0.6678229724526714,0.8655736174246093,0.7041963646660291,0.41734720552099125,0.7772638486629364,,gamma,"{'shape': 2, 'scale': 2}",120.0,,
IM_0.2,0.2,,DelayedEventLoggingPolluter,1.0,0.5095860905551373,0.8796989934874723,0.9940489135465344,0.6221078124036057,0.852528066046875,0.8603620376644532,0.4076984124343228,0.8177375334498876,0.9906107439851227,0.7145688057671091,0.8653527701380397,0.8614856633883827,0.21717208789039266,0.7937940917803827,,gamma,"{'shape': 2, 'scale': 2}",120.0,,
IM_0.2,0.3,,DelayedEventLoggingPolluter,1.0,0.5095860905551373,0.8796989934874723,0.9940489135465344,0.6221078124036057,0.852528066046875,0.8802456302828154,0.3485153846228344,0.794595442855356,0.9893933567851021,0.7144072955003968,0.8691369148286315,0.8792633762183512,0.14889230781353424,0.7308807731506619,,gamma,"{'shape': 2, 'scale': 2}",120.0,,
IM_0.2,0.4,,DelayedEventLoggingPolluter,1.0,0.5095860905551373,0.8796989934874723,0.9940489135465344,0.6221078124036057,0.852528066046875,0.9831693044994986,0.5122568531296083,0.8147319579900303,0.9880973245130192,0.7150827645442698,0.8687235846464726,0.9945265100063085,0.4294710499789429,0.7898933781474411,,gamma,"{'shape': 2, 'scale': 2}",120.0,,
IM_0.2,0.5,,DelayedEventLoggingPolluter,1.0,0.5095860905551373,0.8796989934874723,0.9940489135465344,0.6221078124036057,0.852528066046875,0.6801071200551205,0.6993732289711121,0.7812220793609653,0.9871083381909764,0.7158972051775068,0.8795524372984136,0.680164671277558,0.5009769083991271,0.7788575490394924,,gamma,"{'shape': 2, 'scale': 2}",120.0,,
IM_0.2,0.6,,DelayedEventLoggingPolluter,1.0,0.5095860905551373,0.8796989934874723,0.9940489135465344,0.6221078124036057,0.852528066046875,0.9289447405056332,0.4607705427420382,0.8141779199046606,0.9861475649399721,0.7158151573519477,0.8799331238025977,0.9312463228819615,0.3389146817101629,0.7785981890687347,,gamma,"{'shape': 2, 'scale': 2}",120.0,,
IM_0.2,0.7,,DelayedEventLoggingPolluter,1.0,0.5095860905551373,0.8796989934874723,0.9940489135465344,0.6221078124036057,0.852528066046875,0.9131332911899825,0.5009477184137843,0.7997798232266036,0.9855318493585131,0.7149449853625329,0.8813926289094787,0.9154403347242207,0.3389146817101629,0.7512918820135256,,gamma,"{'shape': 2, 'scale': 2}",120.0,,
IM_0.2,0.8,,DelayedEventLoggingPolluter,1.0,0.5095860905551373,0.8796989934874723,0.9940489135465344,0.6221078124036057,0.852528066046875,0.9129586596785503,0.4927487909392493,0.8333998726226294,0.9846960861621519,0.7155656081253157,0.8861296782762763,0.9154802006600278,0.3541770273261037,0.8025370045039921,,gamma,"{'shape': 2, 'scale': 2}",120.0,,
IM_0.2,0.9,,DelayedEventLoggingPolluter,1.0,0.5095860905551373,0.8796989934874723,0.9940489135465344,0.6221078124036057,0.852528066046875,0.9127222310035447,0.5179692542540476,0.8031427088435479,0.9841884008906614,0.7147914213823084,0.883579024172076,0.9154403347242207,0.3389146817101629,0.7512918820135256,,gamma,"{'shape': 2, 'scale': 2}",120.0,,
IM_0.2,0.1,,DeleteActivityPolluter,1.0,0.5095860905551373,0.8796989934874723,0.9940489135465344,0.6221078124036057,0.852528066046875,0.9248232793216155,0.7067121164723185,0.8798006631107161,0.972510602567657,0.7594393604410299,0.8704281721288433,0.9506873170491854,0.48507026239352824,0.858573953227517,,,,,,
IM_0.2,0.2,,DeleteActivityPolluter,1.0,0.5095860905551373,0.8796989934874723,0.9940489135465344,0.6221078124036057,0.852528066046875,0.8046830032443317,0.7251823036231817,0.9099246560639223,0.9409867107188016,0.7563720521881101,0.8669974597110709,0.8738303050986461,0.5125679719596479,0.880282413195216,,,,,,
IM_0.2,0.3,,DeleteActivityPolluter,1.0,0.5095860905551373,0.8796989934874723,0.9940489135465344,0.6221078124036057,0.852528066046875,0.7888347546673004,0.7354647258216558,0.8208539415319778,0.90093364882466,0.7530428144479925,0.8658868550541228,0.7879088490168289,0.40203186180474804,0.8108219858406888,,,,,,
IM_0.2,0.4,,DeleteActivityPolluter,1.0,0.5095860905551373,0.8796989934874723,0.9940489135465344,0.6221078124036057,0.852528066046875,0.7097357333350353,0.7979617017393947,0.8830854009858307,0.8546391796221732,0.8059730161062855,0.8735800431725189,0.7216296132742003,0.38513564618646945,0.8712501976756951,,,,,,
IM_0.2,0.5,,DeleteActivityPolluter,1.0,0.5095860905551373,0.8796989934874723,0.9940489135465344,0.6221078124036057,0.852528066046875,0.783206126602224,0.759260092847388,0.8193308906750354,0.8079893466342942,0.8622911352235417,0.8700481074172932,0.8566999095549699,0.3690201706869145,0.8118007668699192,,,,,,
IM_0.2,0.6,,DeleteActivityPolluter,1.0,0.5095860905551373,0.8796989934874723,0.9940489135465344,0.6221078124036057,0.852528066046875,0.7545693012865533,0.8912362807503096,0.8873161264338232,0.7617179582019732,0.8026899264104361,0.8526958301813317,0.793030367259248,0.39707161570452343,0.8871878644622614,,,,,,
IM_0.2,0.7,,DeleteActivityPolluter,1.0,0.5095860905551373,0.8796989934874723,0.9940489135465344,0.6221078124036057,0.852528066046875,0.7463212431110475,0.8720324738629106,0.8930149803939347,0.7166920410976887,0.8011214488395492,0.8515419852431814,0.7745426808745864,0.3734636976042792,0.8979580779687156,,,,,,
IM_0.2,0.8,,DeleteActivityPolluter,1.0,0.5095860905551373,0.8796989934874723,0.9940489135465344,0.6221078124036057,0.852528066046875,0.7598790740232373,0.861692211050801,0.9095938544316613,0.6755558027886592,0.9169517497487117,0.8634858497130844,0.8073056408496907,0.3891593920984616,0.8940715930453502,,,,,,
IM_0.2,0.9,,DeleteActivityPolluter,1.0,0.5095860905551373,0.8796989934874723,0.9940489135465344,0.6221078124036057,0.852528066046875,0.7117574584142193,0.909594240870863,0.8605343690073797,0.6357012479567096,0.9148877161595763,0.8343624809205537,0.7462331780337594,0.38206262378621747,0.8766490357440115,,,,,,
IM_0.2,,,ImpreciseActivityPolluter,1.0,0.5095860905551373,0.8796989934874723,0.9940489135465344,0.6221078124036057,0.852528066046875,0.9940489135465344,0.6221078124036057,0.852528066046875,0.9940489135465344,0.6221078124036057,0.852528066046875,0.9940489135465344,0.6221078124036057,0.852528066046875,,,,,"['Release_A', 'Release_B', 'Release_C', 'Release_D', 'Release_E']",Release
ALPHA,0.1,sqrt,InsertAlienActivityPolluter,1.0,0.5095860905551373,0.8796989934874723,0.7685913387884491,0.31116637260462143,0.8758879629019287,0.7407273040619438,0.42050743464995366,0.9004605424195379,0.7685913387884491,0.27068939032573636,0.8758879629019287,0.7693380189284382,0.24284687399069826,0.6854775361841181,,,,,,
ALPHA,0.2,sqrt,InsertAlienActivityPolluter,1.0,0.5095860905551373,0.8796989934874723,0.7685913387884491,0.31116637260462143,0.8758879629019287,0.7173438733136335,0.37438971621879547,0.9011659490255987,0.7685913387884491,0.24205489184401396,0.8758879629019287,0.7695418936689712,0.230295867676786,0.6854775361841181,,,,,,
ALPHA,0.3,sqrt,InsertAlienActivityPolluter,1.0,0.5095860905551373,0.8796989934874723,0.7685913387884491,0.31116637260462143,0.8758879629019287,0.6972698211039611,0.3581313208982707,0.9014784498826807,0.7685913387884491,0.22158937977776239,0.8758879629019287,0.7695418936689712,0.230295867676786,0.6854775361841181,,,,,,
ALPHA,0.4,sqrt,InsertAlienActivityPolluter,1.0,0.5095860905551373,0.8796989934874723,0.7685913387884491,0.31116637260462143,0.8758879629019287,0.4652341241587655,0.3453859510266787,0.9016647537482794,0.7685913387884491,0.20005305763016623,0.8758879629019287,0.554201931398655,0.21813309564051053,0.6854775361841181,,,,,,
ALPHA,0.5,sqrt,InsertAlienActivityPolluter,1.0,0.5095860905551373,0.8796989934874723,0.7685913387884491,0.31116637260462143,0.8758879629019287,0.6658628568111392,0.3140415595447622,0.9017918711810906,0.7685913387884491,0.1684187194974941,0.8758879629019287,0.7695418936689712,0.230295867676786,0.6854775361841181,,,,,,
ALPHA,0.6,sqrt,InsertAlienActivityPolluter,1.0,0.5095860905551373,0.8796989934874723,0.7685913387884491,0.31116637260462143,0.8758879629019287,0.47427977942111804,0.3244760974456148,0.9018857076228283,0.7685913387884491,0.17672102811096357,0.8758879629019287,0.5897572265754539,0.21813309564051053,0.6854775361841181,,,,,,
ALPHA,0.7,sqrt,InsertAlienActivityPolluter,1.0,0.5095860905551373,0.8796989934874723,0.7685913387884491,0.31116637260462143,0.8758879629019287,0.6424484098488324,0.302643531502484,0.9019586410148209,0.7685913387884491,0.16526659732272064,0.8758879629019287,0.7685913387884491,0.230295867676786,0.6854775361841181,,,,,,
ALPHA,0.8,sqrt,InsertAlienActivityPolluter,1.0,0.5095860905551373,0.8796989934874723,0.7685913387884491,0.31116637260462143,0.8758879629019287,0.41823756984934657,0.29856991463644256,0.902017408030924,0.7685913387884491,0.14455127856621075,0.8758879629019287,0.554201931398655,0.21813309564051053,0.6854775361841181,,,,,,
ALPHA,0.9,sqrt,InsertAlienActivityPolluter,1.0,0.5095860905551373,0.8796989934874723,0.7685913387884491,0.31116637260462143,0.8758879629019287,0.6365397361268325,0.27401099537365303,0.9020661191634813,0.7685913387884491,0.13985243387822655,0.8758879629019287,0.8061836441271378,0.230295867676786,0.6854775361841181,,,,,,
ALPHA,0.1,,AggregatedEventLoggingPolluter,1.0,0.5095860905551373,0.8796989934874723,0.7685913387884491,0.31116637260462143,0.8758879629019287,0.7685913387884491,0.3181607277159747,0.8758879629019287,0.7685913387884491,0.3181607277159747,0.8758879629019287,0.7685913387884491,0.31116637260462143,0.8758879629019287,hour,,,,,
ALPHA,0.2,,AggregatedEventLoggingPolluter,1.0,0.5095860905551373,0.8796989934874723,0.7685913387884491,0.31116637260462143,0.8758879629019287,0.7685913387884491,0.31816126124251576,0.8758879629019287,0.7685913387884491,0.31816126124251576,0.8758879629019287,0.7685913387884491,0.31116637260462143,0.8758879629019287,hour,,,,,
ALPHA,0.3,,AggregatedEventLoggingPolluter,1.0,0.5095860905551373,0.8796989934874723,0.7685913387884491,0.31116637260462143,0.8758879629019287,0.7685913387884491,0.3181607277159747,0.8758879629019287,0.7685913387884491,0.3181607277159747,0.8758879629019287,0.7685913387884491,0.31116637260462143,0.8758879629019287,hour,,,,,
ALPHA,0.4,,AggregatedEventLoggingPolluter,1.0,0.5095860905551373,0.8796989934874723,0.7685913387884491,0.31116637260462143,0.8758879629019287,0.7685913387884491,0.3181607277159747,0.8758879629019287,0.7685913387884491,0.3181607277159747,0.8758879629019287,0.7685913387884491,0.31116637260462143,0.8758879629019287,hour,,,,,
ALPHA,0.5,,AggregatedEventLoggingPolluter,1.0,0.5095860905551373,0.8796989934874723,0.7685913387884491,0.31116637260462143,0.8758879629019287,0.7685913387884491,0.3181607277159747,0.8758879629019287,0.7685913387884491,0.3181607277159747,0.8758879629019287,0.7685913387884491,0.31116637260462143,0.8758879629019287,hour,,,,,
ALPHA,0.6,,AggregatedEventLoggingPolluter,1.0,0.5095860905551373,0.8796989934874723,0.7685913387884491,0.31116637260462143,0.8758879629019287,0.7685913387884491,0.3181607277159747,0.8758879629019287,0.7685913387884491,0.3181607277159747,0.8758879629019287,0.7685913387884491,0.31116637260462143,0.8758879629019287,hour,,,,,
ALPHA,0.7,,AggregatedEventLoggingPolluter,1.0,0.5095860905551373,0.8796989934874723,0.7685913387884491,0.31116637260462143,0.8758879629019287,0.7685913387884491,0.3181607277159747,0.8758879629019287,0.7685913387884491,0.3181607277159747,0.8758879629019287,0.7685913387884491,0.31116637260462143,0.8758879629019287,hour,,,,,
ALPHA,0.8,,AggregatedEventLoggingPolluter,1.0,0.5095860905551373,0.8796989934874723,0.7685913387884491,0.31116637260462143,0.8758879629019287,0.7685913387884491,0.3181607277159747,0.8758879629019287,0.7685913387884491,0.3181607277159747,0.8758879629019287,0.7685913387884491,0.31116637260462143,0.8758879629019287,hour,,,,,
ALPHA,0.9,,AggregatedEventLoggingPolluter,1.0,0.5095860905551373,0.8796989934874723,0.7685913387884491,0.31116637260462143,0.8758879629019287,0.7685913387884491,0.3181607277159747,0.8758879629019287,0.7685913387884491,0.3181607277159747,0.8758879629019287,0.7685913387884491,0.31116637260462143,0.8758879629019287,hour,,,,,
ALPHA,0.1,,AggregatedEventLoggingPolluter,1.0,0.5095860905551373,0.8796989934874723,0.7685913387884491,0.31116637260462143,0.8758879629019287,0.7685913387884491,0.31816126124251576,0.8758879629019287,0.7685913387884491,0.31816126124251576,0.8758879629019287,0.7685913387884491,0.31116637260462143,0.8758879629019287,day,,,,,
ALPHA,0.2,,AggregatedEventLoggingPolluter,1.0,0.5095860905551373,0.8796989934874723,0.7685913387884491,0.31116637260462143,0.8758879629019287,0.7685913387884491,0.3181614390846961,0.8758879629019287,0.7685913387884491,0.3181614390846961,0.8758879629019287,0.7685913387884491,0.31116637260462143,0.8758879629019287,day,,,,,
ALPHA,0.3,,AggregatedEventLoggingPolluter,1.0,0.5095860905551373,0.8796989934874723,0.7685913387884491,0.31116637260462143,0.8758879629019287,0.7685913387884491,0.3181614390846961,0.8758879629019287,0.7685913387884491,0.3181614390846961,0.8758879629019287,0.7685913387884491,0.31116637260462143,0.8758879629019287,day,,,,,
ALPHA,0.4,,AggregatedEventLoggingPolluter,1.0,0.5095860905551373,0.8796989934874723,0.7685913387884491,0.31116637260462143,0.8758879629019287,0.7685913387884491,0.3181607277159747,0.8758879629019287,0.7685913387884491,0.3181607277159747,0.8758879629019287,0.7685913387884491,0.31116637260462143,0.8758879629019287,day,,,,,
ALPHA,0.5,,AggregatedEventLoggingPolluter,1.0,0.5095860905551373,0.8796989934874723,0.7685913387884491,0.31116637260462143,0.8758879629019287,0.7685913387884491,0.31816126124251576,0.8758879629019287,0.7685913387884491,0.31816126124251576,0.8758879629019287,0.7685913387884491,0.31116637260462143,0.8758879629019287,day,,,,,
ALPHA,0.6,,AggregatedEventLoggingPolluter,1.0,0.5095860905551373,0.8796989934874723,0.7685913387884491,0.31116637260462143,0.8758879629019287,0.7685913387884491,0.3181607277159747,0.8758879629019287,0.7685913387884491,0.3181607277159747,0.8758879629019287,0.7685913387884491,0.31116637260462143,0.8758879629019287,day,,,,,
ALPHA,0.7,,AggregatedEventLoggingPolluter,1.0,0.5095860905551373,0.8796989934874723,0.7685913387884491,0.31116637260462143,0.8758879629019287,0.7685913387884491,0.3181614390846961,0.8758879629019287,0.7685913387884491,0.3181614390846961,0.8758879629019287,0.7685913387884491,0.31116637260462143,0.8758879629019287,day,,,,,
ALPHA,0.8,,AggregatedEventLoggingPolluter,1.0,0.5095860905551373,0.8796989934874723,0.7685913387884491,0.31116637260462143,0.8758879629019287,0.7685913387884491,0.3181614390846961,0.8758879629019287,0.7685913387884491,0.3181614390846961,0.8758879629019287,0.7685913387884491,0.31116637260462143,0.8758879629019287,day,,,,,
ALPHA,0.9,,AggregatedEventLoggingPolluter,1.0,0.5095860905551373,0.8796989934874723,0.7685913387884491,0.31116637260462143,0.8758879629019287,0.7685913387884491,0.3181614390846961,0.8758879629019287,0.7685913387884491,0.3181614390846961,0.8758879629019287,0.7685913387884491,0.31116637260462143,0.8758879629019287,day,,,,,
ALPHA,0.1,,DelayedEventLoggingPolluter,1.0,0.5095860905551373,0.8796989934874723,0.7685913387884491,0.31116637260462143,0.8758879629019287,0.5367352969415008,0.2759792912433613,0.8758879629019287,0.7684597095598811,0.4059570076884632,0.8758879629019287,0.5367340579806421,0.12949215266630998,0.8758879629019287,,gamma,"{'shape': 2, 'scale': 2}",120.0,,
ALPHA,0.2,,DelayedEventLoggingPolluter,1.0,0.5095860905551373,0.8796989934874723,0.7685913387884491,0.31116637260462143,0.8758879629019287,0.48890815923756087,0.34414096432221875,0.8758879629019287,0.7683881020291838,0.4699145036007746,0.8758879629019287,0.48890815923756087,0.04096200411524198,0.8758879629019287,,gamma,"{'shape': 2, 'scale': 2}",120.0,,
ALPHA,0.3,,DelayedEventLoggingPolluter,1.0,0.5095860905551373,0.8796989934874723,0.7685913387884491,0.31116637260462143,0.8758879629019287,0.4882730872218693,0.3668244454539682,0.8758879629019287,0.7683029432290196,0.4825172762649509,0.8758879629019287,0.4882730872218693,0.042244748716580904,0.8758879629019287,,gamma,"{'shape': 2, 'scale': 2}",120.0,,
ALPHA,0.4,,DelayedEventLoggingPolluter,1.0,0.5095860905551373,0.8796989934874723,0.7685913387884491,0.31116637260462143,0.8758879629019287,0.5073997863353358,0.3686345311529077,0.8758879629019287,0.768221841232058,0.45007457707090825,0.8758879629019287,0.5073977355197833,0.13205136159569342,0.8758879629019287,,gamma,"{'shape': 2, 'scale': 2}",120.0,,
ALPHA,0.5,,DelayedEventLoggingPolluter,1.0,0.5095860905551373,0.8796989934874723,0.7685913387884491,0.31116637260462143,0.8758879629019287,0.4878792349701008,0.39249387029328797,0.8758879629019287,0.768107631267662,0.487620860436232,0.8758879629019287,0.4878792349701008,0.04361043003258758,0.8758879629019287,,gamma,"{'shape': 2, 'scale': 2}",120.0,,
ALPHA,0.6,,DelayedEventLoggingPolluter,1.0,0.5095860905551373,0.8796989934874723,0.7685913387884491,0.31116637260462143,0.8758879629019287,0.47726329094713693,0.3651405233635334,0.8758879629019287,0.7680793164818107,0.45962793919158906,0.8758879629019287,0.47726329094713693,0.09768752041801532,0.8758879629019287,,gamma,"{'shape': 2, 'scale': 2}",120.0,,
ALPHA,0.7,,DelayedEventLoggingPolluter,1.0,0.5095860905551373,0.8796989934874723,0.7685913387884491,0.31116637260462143,0.8758879629019287,0.5077202656639122,0.36474386800222414,0.8758879629019287,0.7680330658686862,0.4682097053470683,0.8758879629019287,0.5077202656639122,0.09768696017771195,0.8758879629019287,,gamma,"{'shape': 2, 'scale': 2}",120.0,,
ALPHA,0.8,,DelayedEventLoggingPolluter,1.0,0.5095860905551373,0.8796989934874723,0.7685913387884491,0.31116637260462143,0.8758879629019287,0.48844373541257907,0.36401569887854757,0.8758879629019287,0.7679283778281364,0.47594229659549914,0.8758879629019287,0.48844373541257907,0.06851801462792706,0.8758879629019287,,gamma,"{'shape': 2, 'scale': 2}",120.0,,
ALPHA,0.9,,DelayedEventLoggingPolluter,1.0,0.5095860905551373,0.8796989934874723,0.7685913387884491,0.31116637260462143,0.8758879629019287,0.4776011118181803,0.39221549257838373,0.8758879629019287,0.7679146713064222,0.5047939903342531,0.8758879629019287,0.4776011118181803,0.06851801462792706,0.8758879629019287,,gamma,"{'shape': 2, 'scale': 2}",120.0,,
ALPHA,0.1,,DeleteActivityPolluter,1.0,0.5095860905551373,0.8796989934874723,0.7685913387884491,0.31116637260462143,0.8758879629019287,0.4402995781324688,0.3756743174126568,0.8707708666275568,0.7475505371358797,0.4877804492635818,0.8707708666275568,0.47846727533059435,0.07437371221085864,0.8758879629019287,,,,,,
ALPHA,0.2,,DeleteActivityPolluter,1.0,0.5095860905551373,0.8796989934874723,0.7685913387884491,0.31116637260462143,0.8758879629019287,0.42054826499566667,0.4284775157086288,0.8730016141841946,0.7329050275663154,0.5557986594536092,0.8730016141841946,0.4771431228829963,0.07276326750719497,0.8758879629019287,,,,,,
ALPHA,0.3,,DeleteActivityPolluter,1.0,0.5095860905551373,0.8796989934874723,0.7685913387884491,0.31116637260462143,0.8758879629019287,0.42754865991952445,0.4836938884099884,0.8674388263815582,0.7261707763886766,0.5657721342981006,0.8674388263815582,0.4771393289779962,0.043123880800203906,0.8758879629019287,,,,,,
ALPHA,0.4,,DeleteActivityPolluter,1.0,0.5095860905551373,0.8796989934874723,0.7685913387884491,0.31116637260462143,0.8758879629019287,0.45084670887034994,0.4604363287554394,0.8574766915721057,0.7204115778971258,0.57746331167146,0.8574766915721057,0.4771393289779962,0.043123880800203906,0.8758879629019287,,,,,,
ALPHA,0.5,,DeleteActivityPolluter,1.0,0.5095860905551373,0.8796989934874723,0.7685913387884491,0.31116637260462143,0.8758879629019287,0.48457198294951376,0.6374402466136788,0.869367433165755,0.7153182874156019,0.6526916771016349,0.869367433165755,0.4768749758480449,0.04606928985701031,0.8758879629019287,,,,,,
ALPHA,0.6,,DeleteActivityPolluter,1.0,0.5095860905551373,0.8796989934874723,0.7685913387884491,0.31116637260462143,0.8758879629019287,0.5207416358524841,0.7461733929292798,0.9183476364718641,0.712726880512184,0.6581843212858038,0.8673283233345384,0.4766871965780757,0.052018688182016715,0.927410784249101,,,,,,
ALPHA,0.7,,DeleteActivityPolluter,1.0,0.5095860905551373,0.8796989934874723,0.7685913387884491,0.31116637260462143,0.8758879629019287,0.5579677057668062,0.8384851060780102,0.8988272076613829,0.7065404713819022,0.6876155543627362,0.8488923627913061,0.4766441714531777,0.05410501921998878,0.927410784249101,,,,,,
ALPHA,0.8,,DeleteActivityPolluter,1.0,0.5095860905551373,0.8796989934874723,0.7685913387884491,0.31116637260462143,0.8758879629019287,0.593258639225866,0.8168415164232187,0.9068328578560647,0.6987081387891513,0.7099341248688824,0.8564532546418389,0.4766726462310906,0.05410501921998878,0.927410784249101,,,,,,
ALPHA,0.9,,DeleteActivityPolluter,1.0,0.5095860905551373,0.8796989934874723,0.7685913387884491,0.31116637260462143,0.8758879629019287,0.6281415400112965,0.7464915771322457,0.8485509209896858,0.6895061266113558,0.6852300500052262,0.8485509209896858,0.47664751834143915,0.04944654383650704,0.8758879629019287,,,,,,
ALPHA,,,ImpreciseActivityPolluter,1.0,0.5095860905551373,0.8796989934874723,0.7685913387884491,0.31116637260462143,0.8758879629019287,0.7685913387884491,0.31116637260462143,0.8758879629019287,0.7685913387884491,0.31116637260462143,0.8758879629019287,0.7685913387884491,0.31116637260462143,0.8758879629019287,,,,,"['Release_A', 'Release_B', 'Release_C', 'Release_D', 'Release_E']",Release
ILP_0.8,0.1,sqrt,InsertAlienActivityPolluter,1.0,0.5095860905551373,0.8796989934874723,0.9846221230215199,0.9905726285347566,0.8879579270906611,0.910375455657295,0.9787796389409272,0.9081510414305622,0.9846221230215199,0.9726744876691421,0.8879579270906611,0.9846221230215199,0.9905726285347566,0.7103663416725288,,,,,,
ILP_0.8,0.2,sqrt,InsertAlienActivityPolluter,1.0,0.5095860905551373,0.8796989934874723,0.9846221230215199,0.9905726285347566,0.8879579270906611,0.8697964176625055,0.9744749182765056,0.908800093779388,0.9846221230215199,0.9566014027404703,0.8879579270906611,0.9846221230215199,0.9905726285347566,0.7103663416725288,,,,,,
ILP_0.8,0.3,sqrt,InsertAlienActivityPolluter,1.0,0.5095860905551373,0.8796989934874723,0.9846221230215199,0.9905726285347566,0.8879579270906611,0.7570088251289465,0.9999976342447799,0.909083631864852,0.9846221230215199,0.9426178373213046,0.8879579270906611,0.8414216377047933,0.9999958995891388,0.7103447888070111,,,,,,
ILP_0.8,0.4,sqrt,InsertAlienActivityPolluter,1.0,0.5095860905551373,0.8796989934874723,0.9846221230215199,0.9905726285347566,0.8879579270906611,0.9700589660720544,0.9676052992876037,0.9092585743092159,0.9846221230215199,0.929026560092916,0.8879579270906611,0.9847869387809278,0.44373705872292113,0.7103663416725288,,,,,,
ILP_0.8,0.5,sqrt,InsertAlienActivityPolluter,1.0,0.5095860905551373,0.8796989934874723,0.9846221230215199,0.9905726285347566,0.8879579270906611,0.9676092873057475,0.9606437903066091,0.9093755356999311,0.9846221230215199,0.9141173540755756,0.8879579270906611,0.9853261119607237,0.44386183474733976,0.7103663416725288,,,,,,
ILP_0.8,0.6,sqrt,InsertAlienActivityPolluter,1.0,0.5095860905551373,0.8796989934874723,0.9846221230215199,0.9905726285347566,0.8879579270906611,0.9784952770753393,0.9053996529028455,0.9094618426546937,0.9846221230215199,0.8975893713977049,0.8879579270906611,0.9860108468726687,0.29233381460883934,0.7103663231992348,,,,,,
ILP_0.8,0.7,sqrt,InsertAlienActivityPolluter,1.0,0.5095860905551373,0.8796989934874723,0.9846221230215199,0.9905726285347566,0.8879579270906611,0.980302606173209,0.8826113277582724,0.909528939298261,0.9846221230215199,0.8790670615159125,0.8879579270906611,0.9867572664818896,0.2820559527341132,0.7103663256092188,,,,,,
ILP_0.8,0.8,sqrt,InsertAlienActivityPolluter,1.0,0.5095860905551373,0.8796989934874723,0.9846221230215199,0.9905726285347566,0.8879579270906611,0.9965675419115121,0.7167195480961026,0.9095839866424391,0.9846221230215199,0.8610454130847723,0.8879579270906611,0.996313096134016,0.34561299533956524,0.7103672873858764,,,,,,
ILP_0.8,0.9,sqrt,InsertAlienActivityPolluter,1.0,0.5095860905551373,0.8796989934874723,0.9846221230215199,0.9905726285347566,0.8879579270906611,0.9997008456679871,0.4538579115921023,0.9096287672937612,0.9846221230215199,0.8407572929967586,0.8879579270906611,0.9997324823047232,0.3536509400868725,0.710367274013314,,,,,,
ILP_0.8,0.1,,AggregatedEventLoggingPolluter,1.0,0.5095860905551373,0.8796989934874723,0.9846221230215199,0.9905726285347566,0.8879579270906611,0.9848019887277596,0.9905725136578728,0.8879579270906611,0.9846186411078632,0.9905725136578728,0.8879579270906611,0.9848051690426568,0.9905726285347566,0.8879579270906611,hour,,,,,
ILP_0.8,0.2,,AggregatedEventLoggingPolluter,1.0,0.5095860905551373,0.8796989934874723,0.9846221230215199,0.9905726285347566,0.8879579270906611,0.9848027405081738,0.9905725136578728,0.8879579270906611,0.9846194610817731,0.9905725136578728,0.8879579270906611,0.9848051690426568,0.9905726285347566,0.8879579270906611,hour,,,,,
ILP_0.8,0.3,,AggregatedEventLoggingPolluter,1.0,0.5095860905551373,0.8796989934874723,0.9846221230215199,0.9905726285347566,0.8879579270906611,0.9848023883060266,0.9905725136578728,0.8879579270906611,0.9846190721247946,0.9905725136578728,0.8879579270906611,0.9848051690426568,0.9905726285347566,0.8879579270906611,hour,,,,,
ILP_0.8,0.4,,AggregatedEventLoggingPolluter,1.0,0.5095860905551373,0.8796989934874723,0.9846221230215199,0.9905726285347566,0.8879579270906611,0.9848022408125081,0.9905725136578728,0.8879579270906611,0.9846189156629055,0.9905725136578728,0.8879579270906611,0.9848051690426568,0.9905726285347566,0.8879579270906611,hour,,,,,
ILP_0.8,0.5,,AggregatedEventLoggingPolluter,1.0,0.5095860905551373,0.8796989934874723,0.9846221230215199,0.9905726285347566,0.8879579270906611,0.9848018875040505,0.9905725136578728,0.8879579270906611,0.984618529085404,0.9905725136578728,0.8879579270906611,0.9848051690426568,0.9905726285347566,0.8879579270906611,hour,,,,,
ILP_0.8,0.6,,AggregatedEventLoggingPolluter,1.0,0.5095860905551373,0.8796989934874723,0.9846221230215199,0.9905726285347566,0.8879579270906611,0.9848030071523541,0.9905725136578728,0.8879579270906611,0.9846197522230479,0.9905725136578728,0.8879579270906611,0.9848051690426568,0.9905726285347566,0.8879579270906611,hour,,,,,
ILP_0.8,0.7,,AggregatedEventLoggingPolluter,1.0,0.5095860905551373,0.8796989934874723,0.9846221230215199,0.9905726285347566,0.8879579270906611,0.9848020105087802,0.9905725136578728,0.8879579270906611,0.9846186599793243,0.9905725136578728,0.8879579270906611,0.9848051690426568,0.9905726285347566,0.8879579270906611,hour,,,,,
ILP_0.8,0.8,,AggregatedEventLoggingPolluter,1.0,0.5095860905551373,0.8796989934874723,0.9846221230215199,0.9905726285347566,0.8879579270906611,0.9848025277190027,0.9905725136578728,0.8879579270906611,0.984619228610456,0.9905725136578728,0.8879579270906611,0.9848051690426568,0.9905726285347566,0.8879579270906611,hour,,,,,
ILP_0.8,0.9,,AggregatedEventLoggingPolluter,1.0,0.5095860905551373,0.8796989934874723,0.9846221230215199,0.9905726285347566,0.8879579270906611,0.9848023366063655,0.9905725136578728,0.8879579270906611,0.984619020088286,0.9905725136578728,0.8879579270906611,0.9848051690426568,0.9905726285347566,0.8879579270906611,hour,,,,,
ILP_0.8,0.1,,AggregatedEventLoggingPolluter,1.0,0.5095860905551373,0.8796989934874723,0.9846221230215199,0.9905726285347566,0.8879579270906611,0.9848024559228566,0.9905725136578728,0.8879579270906611,0.9846191473552315,0.9905725136578728,0.8879579270906611,0.9848051690426568,0.9905726285347566,0.8879579270906611,day,,,,,
ILP_0.8,0.2,,AggregatedEventLoggingPolluter,1.0,0.5095860905551373,0.8796989934874723,0.9846221230215199,0.9905726285347566,0.8879579270906611,0.9848024499910102,0.9905725136578728,0.8879579270906611,0.9846191384256334,0.9905725136578728,0.8879579270906611,0.9848051690426568,0.9905726285347566,0.8879579270906611,day,,,,,
ILP_0.8,0.3,,AggregatedEventLoggingPolluter,1.0,0.5095860905551373,0.8796989934874723,0.9846221230215199,0.9905726285347566,0.8879579270906611,0.9848026134016976,0.9905725136578728,0.8879579270906611,0.9846193180814508,0.9905725136578728,0.8879579270906611,0.9848051690426568,0.9905726285347566,0.8879579270906611,day,,,,,
ILP_0.8,0.4,,AggregatedEventLoggingPolluter,1.0,0.5095860905551373,0.8796989934874723,0.9846221230215199,0.9905726285347566,0.8879579270906611,0.9848027140844765,0.9905725136578728,0.8879579270906611,0.9846194278059509,0.9905725136578728,0.8879579270906611,0.9848051690426568,0.9905726285347566,0.8879579270906611,day,,,,,
ILP_0.8,0.5,,AggregatedEventLoggingPolluter,1.0,0.5095860905551373,0.8796989934874723,0.9846221230215199,0.9905726285347566,0.8879579270906611,0.9848025047631042,0.9905725136578728,0.8879579270906611,0.9846192000360132,0.9905725136578728,0.8879579270906611,0.9848051690426568,0.9905726285347566,0.8879579270906611,day,,,,,
ILP_0.8,0.6,,AggregatedEventLoggingPolluter,1.0,0.5095860905551373,0.8796989934874723,0.9846221230215199,0.9905726285347566,0.8879579270906611,0.9848025220276101,0.9905725136578728,0.8879579270906611,0.9846192211555124,0.9905725136578728,0.8879579270906611,0.9848051690426568,0.9905726285347566,0.8879579270906611,day,,,,,
ILP_0.8,0.7,,AggregatedEventLoggingPolluter,1.0,0.5095860905551373,0.8796989934874723,0.9846221230215199,0.9905726285347566,0.8879579270906611,0.984802294900802,0.9905725136578728,0.8879579270906611,0.9846189699681167,0.9905725136578728,0.8879579270906611,0.9848051690426568,0.9905726285347566,0.8879579270906611,day,,,,,
ILP_0.8,0.8,,AggregatedEventLoggingPolluter,1.0,0.5095860905551373,0.8796989934874723,0.9846221230215199,0.9905726285347566,0.8879579270906611,0.9848030015292071,0.9905725136578728,0.8879579270906611,0.9846197408882195,0.9905725136578728,0.8879579270906611,0.9848051690426568,0.9905726285347566,0.8879579270906611,day,,,,,
ILP_0.8,0.9,,AggregatedEventLoggingPolluter,1.0,0.5095860905551373,0.8796989934874723,0.9846221230215199,0.9905726285347566,0.8879579270906611,0.984802670376871,0.9905725136578728,0.8879579270906611,0.984619382892578,0.9905725136578728,0.8879579270906611,0.9848051690426568,0.9905726285347566,0.8879579270906611,day,,,,,
ILP_0.8,0.1,,DelayedEventLoggingPolluter,1.0,0.5095860905551373,0.8796989934874723,0.9846221230215199,0.9905726285347566,0.8879579270906611,0.9823640918716561,0.9905743555294315,0.8879579541862956,0.9828623239697215,0.9905743555294315,0.8879579541862956,0.9845458856651139,0.9905726285347566,0.8879579270906611,,gamma,"{'shape': 2, 'scale': 2}",120.0,,
ILP_0.8,0.2,,DelayedEventLoggingPolluter,1.0,0.5095860905551373,0.8796989934874723,0.9846221230215199,0.9905726285347566,0.8879579270906611,0.9802021245499595,0.9905085304041242,0.8879579682308203,0.9813073295741288,0.9905085304041242,0.8879579682308203,0.9845389567060556,0.9905726285347566,0.8879579270906611,,gamma,"{'shape': 2, 'scale': 2}",120.0,,
ILP_0.8,0.3,,DelayedEventLoggingPolluter,1.0,0.5095860905551373,0.8796989934874723,0.9846221230215199,0.9905726285347566,0.8879579270906611,0.9800853100700134,0.9905411888031128,0.8879579642184517,0.9800406526726262,0.9905411888031128,0.8879579642184517,0.9842362353840641,0.9905726285347566,0.8879579270906611,,gamma,"{'shape': 2, 'scale': 2}",120.0,,
ILP_0.8,0.4,,DelayedEventLoggingPolluter,1.0,0.5095860905551373,0.8796989934874723,0.9846221230215199,0.9905726285347566,0.8879579270906611,0.9778336840144313,0.9905427855547688,0.8879580013220991,0.9789852668549863,0.9905427855547688,0.8879580013220991,0.984934258896256,0.9905726285347566,0.8879579270906611,,gamma,"{'shape': 2, 'scale': 2}",120.0,,
ILP_0.8,0.5,,DelayedEventLoggingPolluter,1.0,0.5095860905551373,0.8796989934874723,0.9846221230215199,0.9905726285347566,0.8879579270906611,0.9763519959588879,0.9906102852708953,0.8879580083389944,0.9779567088763527,0.9906102852708953,0.8879580083389944,0.9844351708988499,0.9905726285347566,0.8879579270906611,,gamma,"{'shape': 2, 'scale': 2}",120.0,,
ILP_0.8,0.6,,DelayedEventLoggingPolluter,1.0,0.5095860905551373,0.8796989934874723,0.9846221230215199,0.9905726285347566,0.8879579270906611,0.9774041309008235,0.9927838357921744,0.8879579872857188,0.9771037886542747,0.9927838357921744,0.8879579872857188,0.9842362353840641,0.9905726285347566,0.8879579270906611,,gamma,"{'shape': 2, 'scale': 2}",120.0,,
ILP_0.8,0.7,,DelayedEventLoggingPolluter,1.0,0.5095860905551373,0.8796989934874723,0.9846221230215199,0.9905726285347566,0.8879579270906611,0.9742489770703184,0.9927488921254212,0.8879579973120572,0.9762733452997243,0.9927488921254212,0.8879579973120572,0.9844351708988499,0.9905726285347566,0.8879579270906611,,gamma,"{'shape': 2, 'scale': 2}",120.0,,
ILP_0.8,0.8,,DelayedEventLoggingPolluter,1.0,0.5095860905551373,0.8796989934874723,0.9846221230215199,0.9905726285347566,0.8879579270906611,0.973495534928688,0.9951734195921794,0.8879580163572465,0.975648221313369,0.9951734195921794,0.8879580173594487,0.9844351708988499,0.9905726285347566,0.8879579270906611,,gamma,"{'shape': 2, 'scale': 2}",120.0,,
ILP_0.8,0.9,,DelayedEventLoggingPolluter,1.0,0.5095860905551373,0.8796989934874723,0.9846221230215199,0.9905726285347566,0.8879579270906611,0.9745981095930472,0.9973052900249101,0.8879580053318592,0.9751025641529163,0.9973052900249101,0.8879580053318592,0.9838676459408894,0.9905726285347566,0.8879579270906611,,gamma,"{'shape': 2, 'scale': 2}",120.0,,
ILP_0.8,0.1,,DeleteActivityPolluter,1.0,0.5095860905551373,0.8796989934874723,0.9846221230215199,0.9905726285347566,0.8879579270906611,0.9367359430912888,0.9914980582570309,0.8873076698474216,0.9324301051147347,0.9914980582570309,0.8873023706593457,0.9850786243585843,0.9905726285347566,0.8879579270906611,,,,,,
ILP_0.8,0.2,,DeleteActivityPolluter,1.0,0.5095860905551373,0.8796989934874723,0.9846221230215199,0.9905726285347566,0.8879579270906611,0.8821549958041255,0.9928930814105743,0.8858857772589394,0.8681139904983515,0.9928930814105743,0.8858728108336819,0.9848495597087358,0.9905726285347566,0.8879579270906611,,,,,,
ILP_0.8,0.3,,DeleteActivityPolluter,1.0,0.5095860905551373,0.8796989934874723,0.9846221230215199,0.9905726285347566,0.8879579270906611,0.7846142644539136,0.994347223996318,0.880971853435116,0.7958317299859169,0.9951904987812659,0.880964328255296,0.8857096502931623,0.9111184816235969,0.8879315978233476,,,,,,
ILP_0.8,0.4,,DeleteActivityPolluter,1.0,0.5095860905551373,0.8796989934874723,0.9846221230215199,0.9905726285347566,0.8879579270906611,0.8264129104847875,0.9369475369179354,0.8787263201749423,0.7243416873156675,0.9947175693873692,0.8786630398341373,0.9972414271234531,0.7092416995541497,0.8879591131647359,,,,,,
ILP_0.8,0.5,,DeleteActivityPolluter,1.0,0.5095860905551373,0.8796989934874723,0.9846221230215199,0.9905726285347566,0.8879579270906611,0.9985594599341612,0.858303718114031,0.8759812926356518,0.6569684466177139,0.9965000275588382,0.8758496714193859,0.9988562318071789,0.5120217629324435,0.8879591131647359,,,,,,
ILP_0.8,0.6,,DeleteActivityPolluter,1.0,0.5095860905551373,0.8796989934874723,0.9846221230215199,0.9905726285347566,0.8879579270906611,0.9985395560503701,0.8759754113870762,0.9220936866259479,0.596293443609399,0.9959695084552703,0.8758209861470678,0.9988564887768384,0.5120208669000009,0.9346938033313009,,,,,,
ILP_0.8,0.7,,DeleteActivityPolluter,1.0,0.5095860905551373,0.8796989934874723,0.9846221230215199,0.9905726285347566,0.8879579270906611,0.9985052276664992,0.8864684479841624,0.8645103240340508,0.5447129218258355,0.9974061928824858,0.8643022227188983,0.9988562318071789,0.5120217629324435,0.8879591131647359,,,,,,
ILP_0.8,0.8,,DeleteActivityPolluter,1.0,0.5095860905551373,0.8796989934874723,0.9846221230215199,0.9905726285347566,0.8879579270906611,0.9982650090661639,0.875616612537533,0.849254371676753,0.5010080212117367,0.9980087108309184,0.8490007854103463,0.9987622840550516,0.5120217629324435,0.8879591131647359,,,,,,
ILP_0.8,0.9,,DeleteActivityPolluter,1.0,0.5095860905551373,0.8796989934874723,0.9846221230215199,0.9905726285347566,0.8879579270906611,0.9982303532622414,0.8907709459052287,0.9043619612760638,0.4593449822549783,0.9982180555240279,0.8588307115587106,0.9988564887768384,0.5120208669000009,0.9346938033313009,,,,,,
ILP_0.8,,,ImpreciseActivityPolluter,1.0,0.5095860905551373,0.8796989934874723,0.9846221230215199,0.9905726285347566,0.8879579270906611,0.9846221230215199,0.9905726285347566,0.8879579270906611,0.9846221230215199,0.9905726285347566,0.8879579270906611,0.9846221230215199,0.9905726285347566,0.8879579270906611,,,,,"['Release_A', 'Release_B', 'Release_C', 'Release_D', 'Release_E']",Release
ILP_1.0,0.1,sqrt,InsertAlienActivityPolluter,1.0,0.5095860905551373,0.8796989934874723,1.0,0.3037968280458341,0.8879591131647359,1.0,0.37400960233929703,0.9081517283195601,1.0,0.26879294590235536,0.8879591131647359,1.0,0.237754039340218,0.7103672905317887,,,,,,
ILP_1.0,0.2,sqrt,InsertAlienActivityPolluter,1.0,0.5095860905551373,0.8796989934874723,1.0,0.3037968280458341,0.8879591131647359,1.0,0.3554605164408421,0.9088006490926435,1.0,0.2487361858741871,0.8879591131647359,1.0,0.237754039340218,0.7103672905317887,,,,,,
ILP_1.0,0.3,sqrt,InsertAlienActivityPolluter,1.0,0.5095860905551373,0.8796989934874723,1.0,0.3037968280458341,0.8879591131647359,1.0,0.32941567853183606,0.909088163145233,1.0,0.21732477751473478,0.8879591131647359,1.0,0.237754039340218,0.7103672905317887,,,,,,
ILP_1.0,0.4,sqrt,InsertAlienActivityPolluter,1.0,0.5095860905551373,0.8796989934874723,1.0,0.3037968280458341,0.8879591131647359,1.0,0.31233291047431244,0.909259519519307,1.0,0.19711760585711402,0.8879591131647359,1.0,0.237754039340218,0.7103672905317887,,,,,,
ILP_1.0,0.5,sqrt,InsertAlienActivityPolluter,1.0,0.5095860905551373,0.8796989934874723,1.0,0.3037968280458341,0.8879591131647359,1.0,0.2996949642785244,0.9093764841127494,1.0,0.1847754199003402,0.8879591131647359,1.0,0.237754039340218,0.7103672905317887,,,,,,
ILP_1.0,0.6,sqrt,InsertAlienActivityPolluter,1.0,0.5095860905551373,0.8796989934874723,1.0,0.3037968280458341,0.8879591131647359,1.0,0.28688472221333006,0.9094628108060694,1.0,0.17309700134164496,0.8879591131647359,1.0,0.237754039340218,0.7103672905317887,,,,,,
ILP_1.0,0.7,sqrt,InsertAlienActivityPolluter,1.0,0.5095860905551373,0.8796989934874723,1.0,0.3037968280458341,0.8879591131647359,1.0,0.27651003164385746,0.9095299033264292,1.0,0.16490619873990597,0.8879591131647359,1.0,0.237754039340218,0.7103672905317887,,,,,,
ILP_1.0,0.8,sqrt,InsertAlienActivityPolluter,1.0,0.5095860905551373,0.8796989934874723,1.0,0.3037968280458341,0.8879591131647359,1.0,0.2623576932716907,0.9095839910008435,1.0,0.15194114335543352,0.8879591131647359,1.0,0.237754039340218,0.7103672905317887,,,,,,
ILP_1.0,0.9,sqrt,InsertAlienActivityPolluter,1.0,0.5095860905551373,0.8796989934874723,1.0,0.3037968280458341,0.8879591131647359,1.0,0.2512491012861843,0.9096287850716106,1.0,0.14282749528314476,0.8879591131647359,1.0,0.237754039340218,0.7103672905317887,,,,,,
ILP_1.0,0.1,,AggregatedEventLoggingPolluter,1.0,0.5095860905551373,0.8796989934874723,1.0,0.3037968280458341,0.8879591131647359,1.0,0.30916831645369414,0.8879591131647359,1.0,0.30916831645369414,0.8879591131647359,1.0,0.3037968280458341,0.8879591131647359,hour,,,,,
ILP_1.0,0.2,,AggregatedEventLoggingPolluter,1.0,0.5095860905551373,0.8796989934874723,1.0,0.3037968280458341,0.8879591131647359,1.0,0.30916504414884627,0.8879591131647359,1.0,0.30916504414884627,0.8879591131647359,1.0,0.3037968280458341,0.8879591131647359,hour,,,,,
ILP_1.0,0.3,,AggregatedEventLoggingPolluter,1.0,0.5095860905551373,0.8796989934874723,1.0,0.3037968280458341,0.8879591131647359,1.0,0.30915809050104437,0.8879591131647359,1.0,0.30915809050104437,0.8879591131647359,1.0,0.3037968280458341,0.8879591131647359,hour,,,,,
ILP_1.0,0.4,,AggregatedEventLoggingPolluter,1.0,0.5095860905551373,0.8796989934874723,1.0,0.3037968280458341,0.8879591131647359,1.0,0.3091574087708677,0.8879591131647359,1.0,0.3091574087708677,0.8879591131647359,1.0,0.3037968280458341,0.8879591131647359,hour,,,,,
ILP_1.0,0.5,,AggregatedEventLoggingPolluter,1.0,0.5095860905551373,0.8796989934874723,1.0,0.3037968280458341,0.8879591131647359,1.0,0.3091651804948816,0.8879591131647359,1.0,0.3091651804948816,0.8879591131647359,1.0,0.3037968280458341,0.8879591131647359,hour,,,,,
ILP_1.0,0.6,,AggregatedEventLoggingPolluter,1.0,0.5095860905551373,0.8796989934874723,1.0,0.3037968280458341,0.8879591131647359,1.0,0.3091679074155882,0.8879591131647359,1.0,0.3091679074155882,0.8879591131647359,1.0,0.3037968280458341,0.8879591131647359,hour,,,,,
ILP_1.0,0.7,,AggregatedEventLoggingPolluter,1.0,0.5095860905551373,0.8796989934874723,1.0,0.3037968280458341,0.8879591131647359,1.0,0.3091657258790229,0.8879591131647359,1.0,0.3091657258790229,0.8879591131647359,1.0,0.3037968280458341,0.8879591131647359,hour,,,,,
ILP_1.0,0.8,,AggregatedEventLoggingPolluter,1.0,0.5095860905551373,0.8796989934874723,1.0,0.3037968280458341,0.8879591131647359,1.0,0.30915686338672643,0.8879591131647359,1.0,0.30915686338672643,0.8879591131647359,1.0,0.3037968280458341,0.8879591131647359,hour,,,,,
ILP_1.0,0.9,,AggregatedEventLoggingPolluter,1.0,0.5095860905551373,0.8796989934874723,1.0,0.3037968280458341,0.8879591131647359,1.0,0.3091582268470797,0.8879591131647359,1.0,0.3091582268470797,0.8879591131647359,1.0,0.3037968280458341,0.8879591131647359,hour,,,,,
ILP_1.0,0.1,,AggregatedEventLoggingPolluter,1.0,0.5095860905551373,0.8796989934874723,1.0,0.3037968280458341,0.8879591131647359,1.0,0.30915713607879713,0.8879591131647359,1.0,0.30915713607879713,0.8879591131647359,1.0,0.3037968280458341,0.8879591131647359,day,,,,,
ILP_1.0,0.2,,AggregatedEventLoggingPolluter,1.0,0.5095860905551373,0.8796989934874723,1.0,0.3037968280458341,0.8879591131647359,1.0,0.3091574087708677,0.8879591131647359,1.0,0.3091574087708677,0.8879591131647359,1.0,0.3037968280458341,0.8879591131647359,day,,,,,
ILP_1.0,0.3,,AggregatedEventLoggingPolluter,1.0,0.5095860905551373,0.8796989934874723,1.0,0.3037968280458341,0.8879591131647359,1.0,0.30916777106955284,0.8879591131647359,1.0,0.30916777106955284,0.8879591131647359,1.0,0.3037968280458341,0.8879591131647359,day,,,,,
ILP_1.0,0.4,,AggregatedEventLoggingPolluter,1.0,0.5095860905551373,0.8796989934874723,1.0,0.3037968280458341,0.8879591131647359,1.0,0.3091569997327618,0.8879591131647359,1.0,0.3091569997327618,0.8879591131647359,1.0,0.3037968280458341,0.8879591131647359,day,,,,,
ILP_1.0,0.5,,AggregatedEventLoggingPolluter,1.0,0.5095860905551373,0.8796989934874723,1.0,0.3037968280458341,0.8879591131647359,1.0,0.3091572724248325,0.8879591131647359,1.0,0.3091572724248325,0.8879591131647359,1.0,0.3037968280458341,0.8879591131647359,day,,,,,
ILP_1.0,0.6,,AggregatedEventLoggingPolluter,1.0,0.5095860905551373,0.8796989934874723,1.0,0.3037968280458341,0.8879591131647359,1.0,0.3091578178089738,0.8879591131647359,1.0,0.3091578178089738,0.8879591131647359,1.0,0.3037968280458341,0.8879591131647359,day,,,,,
ILP_1.0,0.7,,AggregatedEventLoggingPolluter,1.0,0.5095860905551373,0.8796989934874723,1.0,0.3037968280458341,0.8879591131647359,1.0,0.3091569997327618,0.8879591131647359,1.0,0.3091569997327618,0.8879591131647359,1.0,0.3037968280458341,0.8879591131647359,day,,,,,
ILP_1.0,0.8,,AggregatedEventLoggingPolluter,1.0,0.5095860905551373,0.8796989934874723,1.0,0.3037968280458341,0.8879591131647359,1.0,0.30916749837748214,0.8879591131647359,1.0,0.30916749837748214,0.8879591131647359,1.0,0.3037968280458341,0.8879591131647359,day,,,,,
ILP_1.0,0.9,,AggregatedEventLoggingPolluter,1.0,0.5095860905551373,0.8796989934874723,1.0,0.3037968280458341,0.8879591131647359,1.0,0.30916640760919956,0.8879591131647359,1.0,0.30916640760919956,0.8879591131647359,1.0,0.3037968280458341,0.8879591131647359,day,,,,,
ILP_1.0,0.1,,DelayedEventLoggingPolluter,1.0,0.5095860905551373,0.8796989934874723,1.0,0.3037968280458341,0.8879591131647359,1.0,0.4151333191533456,0.8879591131647359,1.0,0.4151333191533456,0.8879591131647359,1.0,0.3037968280458341,0.8879591131647359,,gamma,"{'shape': 2, 'scale': 2}",120.0,,
ILP_1.0,0.2,,DelayedEventLoggingPolluter,1.0,0.5095860905551373,0.8796989934874723,1.0,0.3037968280458341,0.8879591131647359,1.0,0.40737904743205877,0.8879591131647359,1.0,0.40737904743205877,0.8879591131647359,1.0,0.3037968280458341,0.8879591131647359,,gamma,"{'shape': 2, 'scale': 2}",120.0,,
ILP_1.0,0.3,,DelayedEventLoggingPolluter,1.0,0.5095860905551373,0.8796989934874723,1.0,0.3037968280458341,0.8879591131647359,1.0,0.43320530440615845,0.8879591131647359,1.0,0.43320530440615845,0.8879591131647359,1.0,0.3037968280458341,0.8879591131647359,,gamma,"{'shape': 2, 'scale': 2}",120.0,,
ILP_1.0,0.4,,DelayedEventLoggingPolluter,1.0,0.5095860905551373,0.8796989934874723,1.0,0.3037968280458341,0.8879591131647359,1.0,0.4357023456971918,0.8879591131647359,1.0,0.4357023456971918,0.8879591131647359,1.0,0.3037968280458341,0.8879591131647359,,gamma,"{'shape': 2, 'scale': 2}",120.0,,
ILP_1.0,0.5,,DelayedEventLoggingPolluter,1.0,0.5095860905551373,0.8796989934874723,1.0,0.3037968280458341,0.8879591131647359,1.0,0.4642041209225718,0.8879591131647359,1.0,0.4642041209225718,0.8879591131647359,1.0,0.3037968280458341,0.8879591131647359,,gamma,"{'shape': 2, 'scale': 2}",120.0,,
ILP_1.0,0.6,,DelayedEventLoggingPolluter,1.0,0.5095860905551373,0.8796989934874723,1.0,0.3037968280458341,0.8879591131647359,1.0,0.45068159383061457,0.8879591131647359,1.0,0.45068159383061457,0.8879591131647359,1.0,0.3037968280458341,0.8879591131647359,,gamma,"{'shape': 2, 'scale': 2}",120.0,,
ILP_1.0,0.7,,DelayedEventLoggingPolluter,1.0,0.5095860905551373,0.8796989934874723,1.0,0.3037968280458341,0.8879591131647359,1.0,0.427713831487208,0.8879591131647359,1.0,0.427713831487208,0.8879591131647359,1.0,0.3037968280458341,0.8879591131647359,,gamma,"{'shape': 2, 'scale': 2}",120.0,,
ILP_1.0,0.8,,DelayedEventLoggingPolluter,1.0,0.5095860905551373,0.8796989934874723,1.0,0.3037968280458341,0.8879591131647359,1.0,0.4507845350872888,0.8879591131647359,1.0,0.4507845350872888,0.8879591131647359,1.0,0.3037968280458341,0.8879591131647359,,gamma,"{'shape': 2, 'scale': 2}",120.0,,
ILP_1.0,0.9,,DelayedEventLoggingPolluter,1.0,0.5095860905551373,0.8796989934874723,1.0,0.3037968280458341,0.8879591131647359,1.0,0.44701729413112123,0.8879591131647359,1.0,0.44701729413112123,0.8879591131647359,1.0,0.3037968280458341,0.8879591131647359,,gamma,"{'shape': 2, 'scale': 2}",120.0,,
ILP_1.0,0.1,,DeleteActivityPolluter,1.0,0.5095860905551373,0.8796989934874723,1.0,0.3037968280458341,0.8879591131647359,1.0,0.48575360969545633,0.8867860294336385,1.0,0.48575360969545633,0.8867860294336385,1.0,0.3037968280458341,0.8879591131647359,,,,,,
ILP_1.0,0.2,,DeleteActivityPolluter,1.0,0.5095860905551373,0.8796989934874723,1.0,0.3037968280458341,0.8879591131647359,1.0,0.5323211363120306,0.9319952041746241,1.0,0.5027477398502511,0.885395443965893,1.0,0.3163805324809942,0.9346938033313009,,,,,,
ILP_1.0,0.3,,DeleteActivityPolluter,1.0,0.5095860905551373,0.8796989934874723,1.0,0.3037968280458341,0.8879591131647359,1.0,0.554953708800132,0.9318473587888341,1.0,0.5241229472001245,0.8852549908493923,1.0,0.3163805324809942,0.9346938033313009,,,,,,
ILP_1.0,0.4,,DeleteActivityPolluter,1.0,0.5095860905551373,0.8796989934874723,1.0,0.3037968280458341,0.8879591131647359,1.0,0.5845969812671618,0.8798676809822287,1.0,0.5845969812671618,0.8798676809822287,1.0,0.3037968280458341,0.8879591131647359,,,,,,
ILP_1.0,0.5,,DeleteActivityPolluter,1.0,0.5095860905551373,0.8796989934874723,1.0,0.3037968280458341,0.8879591131647359,1.0,0.5921287703370478,0.8758818575968725,1.0,0.5921287703370478,0.8758818575968725,1.0,0.3037968280458341,0.8879591131647359,,,,,,
ILP_1.0,0.6,,DeleteActivityPolluter,1.0,0.5095860905551373,0.8796989934874723,1.0,0.3037968280458341,0.8879591131647359,1.0,0.6219212538537804,0.8539247940841055,1.0,0.6219212538537804,0.8539247940841055,1.0,0.3037968280458341,0.8879591131647359,,,,,,
ILP_1.0,0.7,,DeleteActivityPolluter,1.0,0.5095860905551373,0.8796989934874723,1.0,0.3037968280458341,0.8879591131647359,1.0,0.6599025651903194,0.9160964445267823,1.0,0.623241311568635,0.8702916223004431,1.0,0.3163805324809942,0.9346938033313009,,,,,,
ILP_1.0,0.8,,DeleteActivityPolluter,1.0,0.5095860905551373,0.8796989934874723,1.0,0.3037968280458341,0.8879591131647359,1.0,0.7245299245665895,0.915944915401794,1.0,0.6842782620906678,0.8701476696317043,1.0,0.3163805324809942,0.9346938033313009,,,,,,
ILP_1.0,0.9,,DeleteActivityPolluter,1.0,0.5095860905551373,0.8796989934874723,1.0,0.3037968280458341,0.8879591131647359,1.0,0.7067470578907893,0.9103503952876794,1.0,0.6674833324524121,0.8648328755232954,1.0,0.3163805324809942,0.9346938033313009,,,,,,
ILP_1.0,,,ImpreciseActivityPolluter,1.0,0.5095860905551373,0.8796989934874723,1.0,0.3037968280458341,0.8879591131647359,1.0,0.3037968280458341,0.8879591131647359,1.0,0.3037968280458341,0.8879591131647359,1.0,0.3037968280458341,0.8879591131647359,,,,,"['Release_A', 'Release_B', 'Release_C', 'Release_D', 'Release_E']",Release
