,algorithm,percentage,alien_activity_nr,pollution_pattern,fitness_tbr_cl-bm,precision_tbr_cl-bm,generalization_tbr_cl-bm,fitness_tbr_cl-cm,precision_tbr_cl-cm,generalization_tbr_cl-cm,fitness_tbr_pl-pm,precision_tbr_pl-pm,generalization_tbr_pl-pm,fitness_tbr_pl-cm,precision_tbr_pl-cm,generalization_tbr_pl-cm,fitness_tbr_cl-pm,precision_tbr_cl-pm,generalization_tbr_cl-pm,target_precision,distribution,parameters,mean_delay,precise_activity_labels,new_activity_label
0,IM_0.0,0.1,sqrt,InsertAlienActivityPolluter,1.0,0.3865922797773559,0.8289088704041992,1.0,0.4102691033098194,0.8824713810137513,1.0,0.2534196828471129,0.904750732630628,1.0,0.3244119524805027,0.8824713810137513,1.0,0.2143659144142469,0.651545732974502,,,,,,
1,IM_0.0,0.2,sqrt,InsertAlienActivityPolluter,1.0,0.3865922797773559,0.8289088704041992,1.0,0.4102691033098194,0.8824713810137513,1.0,0.2090557684312249,0.9066134634692482,1.0,0.2869667130103066,0.8824713810137513,1.0,0.1959563168117792,0.6420404576515919,,,,,,
2,IM_0.0,0.3,sqrt,InsertAlienActivityPolluter,1.0,0.3865922797773559,0.8289088704041992,1.0,0.4102691033098194,0.8824713810137513,1.0,0.2082347243167083,0.913178506962126,1.0,0.2604440580201883,0.8824713810137513,1.0,0.2132349270866759,0.651545732974502,,,,,,
3,IM_0.0,0.4,sqrt,InsertAlienActivityPolluter,1.0,0.3865922797773559,0.8289088704041992,1.0,0.4102691033098194,0.8824713810137513,1.0,0.1233852343957202,0.8999890112165908,1.0,0.235378228327433,0.8824713810137513,0.9999755094043888,0.1368938944335463,0.7744662925671154,,,,,,
4,IM_0.0,0.5,sqrt,InsertAlienActivityPolluter,1.0,0.3865922797773559,0.8289088704041992,1.0,0.4102691033098194,0.8824713810137513,1.0,0.1740809063970088,0.906885055353944,1.0,0.2170144166551517,0.8824713810137513,1.0,0.196538163212541,0.6412278690044042,,,,,,
5,IM_0.0,0.6,sqrt,InsertAlienActivityPolluter,1.0,0.3865922797773559,0.8289088704041992,1.0,0.4102691033098194,0.8824713810137513,1.0,0.1821036395865466,0.9066954498208882,1.0,0.2027978081527713,0.8824713810137513,1.0,0.2135561332948173,0.6373101763963862,,,,,,
6,IM_0.0,0.7,sqrt,InsertAlienActivityPolluter,1.0,0.3865922797773559,0.8289088704041992,1.0,0.4102691033098194,0.8824713810137513,1.0,0.175815244411204,0.9037318208892074,1.0,0.1901991060544494,0.8824713810137513,1.0,0.2136435669959566,0.6366554740012943,,,,,,
7,IM_0.0,0.8,sqrt,InsertAlienActivityPolluter,1.0,0.3865922797773559,0.8289088704041992,1.0,0.4102691033098194,0.8824713810137513,1.0,0.1583741366327626,0.8841793831286523,1.0,0.1770292613527126,0.8824713810137513,1.0,0.2142958013423217,0.6088271443208455,,,,,,
8,IM_0.0,0.9,sqrt,InsertAlienActivityPolluter,1.0,0.3865922797773559,0.8289088704041992,1.0,0.4102691033098194,0.8824713810137513,1.0,0.1640428674156608,0.8981305187319972,1.0,0.1680351415626068,0.8824713810137513,1.0,0.2135561332948173,0.6373101763963862,,,,,,
9,IM_0.0,0.1,,AggregatedEventLoggingPolluter,1.0,0.3865922797773559,0.8289088704041992,1.0,0.4102691033098194,0.8824713810137513,1.0,0.4074231964575483,0.8824713810137513,1.0,0.4074231964575483,0.8824713810137513,1.0,0.4102691033098194,0.8824713810137513,hour,,,,,
10,IM_0.0,0.2,,AggregatedEventLoggingPolluter,1.0,0.3865922797773559,0.8289088704041992,1.0,0.4102691033098194,0.8824713810137513,1.0,0.4167056299678209,0.8824713810137513,1.0,0.4167056299678209,0.8824713810137513,1.0,0.4102691033098194,0.8824713810137513,hour,,,,,
11,IM_0.0,0.3,,AggregatedEventLoggingPolluter,1.0,0.3865922797773559,0.8289088704041992,1.0,0.4102691033098194,0.8824713810137513,1.0,0.4161578657865786,0.8824713810137513,1.0,0.4161578657865786,0.8824713810137513,1.0,0.4102691033098194,0.8824713810137513,hour,,,,,
12,IM_0.0,0.4,,AggregatedEventLoggingPolluter,1.0,0.3865922797773559,0.8289088704041992,1.0,0.4102691033098194,0.8824713810137513,1.0,0.4205619043689921,0.8824713810137513,1.0,0.4205619043689921,0.8824713810137513,1.0,0.4102691033098194,0.8824713810137513,hour,,,,,
13,IM_0.0,0.5,,AggregatedEventLoggingPolluter,1.0,0.3865922797773559,0.8289088704041992,1.0,0.4102691033098194,0.8824713810137513,1.0,0.39736650779546,0.8805832788360737,1.0,0.4191432304201333,0.8824713810137513,1.0,0.3881125471190091,0.8805832788360737,hour,,,,,
14,IM_0.0,0.6,,AggregatedEventLoggingPolluter,1.0,0.3865922797773559,0.8289088704041992,1.0,0.4102691033098194,0.8824713810137513,1.0,0.3871805918306901,0.8805832788360737,1.0,0.4098516206218457,0.8824713810137513,1.0,0.3881125471190091,0.8805832788360737,hour,,,,,
15,IM_0.0,0.7,,AggregatedEventLoggingPolluter,1.0,0.3865922797773559,0.8289088704041992,1.0,0.4102691033098194,0.8824713810137513,1.0,0.4208253688857107,0.8824713810137513,1.0,0.4208253688857107,0.8824713810137513,1.0,0.4102691033098194,0.8824713810137513,hour,,,,,
16,IM_0.0,0.8,,AggregatedEventLoggingPolluter,1.0,0.3865922797773559,0.8289088704041992,1.0,0.4102691033098194,0.8824713810137513,1.0,0.3884565673972751,0.8805832788360737,1.0,0.4102754514075113,0.8824713810137513,1.0,0.3881125471190091,0.8805832788360737,hour,,,,,
17,IM_0.0,0.9,,AggregatedEventLoggingPolluter,1.0,0.3865922797773559,0.8289088704041992,1.0,0.4102691033098194,0.8824713810137513,1.0,0.4067269877066087,0.8824713810137513,1.0,0.4067269877066087,0.8824713810137513,1.0,0.4102691033098194,0.8824713810137513,hour,,,,,
18,IM_0.0,0.1,,AggregatedEventLoggingPolluter,1.0,0.3865922797773559,0.8289088704041992,1.0,0.4102691033098194,0.8824713810137513,1.0,0.3874146774910133,0.8805832788360737,1.0,0.4099972497249725,0.8824713810137513,1.0,0.3881125471190091,0.8805832788360737,day,,,,,
19,IM_0.0,0.2,,AggregatedEventLoggingPolluter,1.0,0.3865922797773559,0.8289088704041992,1.0,0.4102691033098194,0.8824713810137513,1.0,0.4090183998459803,0.8824713810137513,1.0,0.4090183998459803,0.8824713810137513,1.0,0.4102691033098194,0.8824713810137513,day,,,,,
20,IM_0.0,0.3,,AggregatedEventLoggingPolluter,1.0,0.3865922797773559,0.8289088704041992,1.0,0.4102691033098194,0.8824713810137513,1.0,0.3856054282560112,0.8805832788360737,1.0,0.407863252564702,0.8824713810137513,1.0,0.3881125471190091,0.8805832788360737,day,,,,,
21,IM_0.0,0.4,,AggregatedEventLoggingPolluter,1.0,0.3865922797773559,0.8289088704041992,1.0,0.4102691033098194,0.8824713810137513,1.0,0.3952906013974716,0.8805832788360737,1.0,0.4175639809123038,0.8824713810137513,1.0,0.3881125471190091,0.8805832788360737,day,,,,,
22,IM_0.0,0.5,,AggregatedEventLoggingPolluter,1.0,0.3865922797773559,0.8289088704041992,1.0,0.4102691033098194,0.8824713810137513,1.0,0.4117250673854448,0.8824713810137513,1.0,0.4117250673854448,0.8824713810137513,1.0,0.4102691033098194,0.8824713810137513,day,,,,,
23,IM_0.0,0.6,,AggregatedEventLoggingPolluter,1.0,0.3865922797773559,0.8289088704041992,1.0,0.4102691033098194,0.8824713810137513,1.0,0.4200002750312848,0.8824713810137513,1.0,0.4200002750312848,0.8824713810137513,1.0,0.4102691033098194,0.8824713810137513,day,,,,,
24,IM_0.0,0.7,,AggregatedEventLoggingPolluter,1.0,0.3865922797773559,0.8289088704041992,1.0,0.4102691033098194,0.8824713810137513,1.0,0.3869951534733441,0.8805832788360737,1.0,0.409361549991062,0.8824713810137513,1.0,0.3881125471190091,0.8805832788360737,day,,,,,
25,IM_0.0,0.8,,AggregatedEventLoggingPolluter,1.0,0.3865922797773559,0.8289088704041992,1.0,0.4102691033098194,0.8824713810137513,1.0,0.4115924092409241,0.8824713810137513,1.0,0.4115924092409241,0.8824713810137513,1.0,0.4102691033098194,0.8824713810137513,day,,,,,
26,IM_0.0,0.9,,AggregatedEventLoggingPolluter,1.0,0.3865922797773559,0.8289088704041992,1.0,0.4102691033098194,0.8824713810137513,1.0,0.3969762651624281,0.8805832788360737,1.0,0.4192128929347377,0.8824713810137513,1.0,0.3881125471190091,0.8805832788360737,day,,,,,
27,IM_0.0,0.1,,DelayedEventLoggingPolluter,1.0,0.3865922797773559,0.8289088704041992,1.0,0.4102691033098194,0.8824713810137513,1.0,0.414212658564123,0.8825164371468085,0.9934859972849892,0.4194634146341464,0.909278165270304,1.0,0.3830027500631053,0.8825164371468085,,gamma,"{'shape': 2, 'scale': 2}",120.0,,
28,IM_0.0,0.2,,DelayedEventLoggingPolluter,1.0,0.3865922797773559,0.8289088704041992,1.0,0.4102691033098194,0.8824713810137513,1.0,0.3747078778741047,0.8801695358297211,0.9889015146477096,0.4095769832320954,0.9100479600241772,1.0,0.3767790167578011,0.8801695358297211,,gamma,"{'shape': 2, 'scale': 2}",120.0,,
29,IM_0.0,0.3,,DelayedEventLoggingPolluter,1.0,0.3865922797773559,0.8289088704041992,1.0,0.4102691033098194,0.8824713810137513,1.0,0.353123120543002,0.8872877194126669,0.9849754142408612,0.4139127183598862,0.9107574360253016,1.0,0.371968931942003,0.8872877194126669,,gamma,"{'shape': 2, 'scale': 2}",120.0,,
30,IM_0.0,0.4,,DelayedEventLoggingPolluter,1.0,0.3865922797773559,0.8289088704041992,1.0,0.4102691033098194,0.8824713810137513,1.0,0.3579066978094817,0.8801695358297211,0.9823486759818884,0.4083571837435603,0.9108989303805056,1.0,0.3806291939887225,0.8801695358297211,,gamma,"{'shape': 2, 'scale': 2}",120.0,,
31,IM_0.0,0.5,,DelayedEventLoggingPolluter,1.0,0.3865922797773559,0.8289088704041992,1.0,0.4102691033098194,0.8824713810137513,1.0,0.3122503252247792,0.8872877194126669,0.978263408651675,0.4107385649418947,0.9111225030802036,1.0,0.3418323964287402,0.8872877194126669,,gamma,"{'shape': 2, 'scale': 2}",120.0,,
32,IM_0.0,0.6,,DelayedEventLoggingPolluter,1.0,0.3865922797773559,0.8289088704041992,1.0,0.4102691033098194,0.8824713810137513,1.0,0.3184791986196319,0.8913440376614803,0.9774273781742644,0.4207443897099069,0.9113394312667904,1.0,0.3512321787271569,0.8913440376614803,,gamma,"{'shape': 2, 'scale': 2}",120.0,,
33,IM_0.0,0.7,,DelayedEventLoggingPolluter,1.0,0.3865922797773559,0.8289088704041992,1.0,0.4102691033098194,0.8824713810137513,1.0,0.3052218322534197,0.8913440376614803,0.9771586636205764,0.4161578333197644,0.9113268659476308,1.0,0.3464204571799508,0.8913440376614803,,gamma,"{'shape': 2, 'scale': 2}",120.0,,
34,IM_0.0,0.8,,DelayedEventLoggingPolluter,1.0,0.3865922797773559,0.8289088704041992,1.0,0.4102691033098194,0.8824713810137513,1.0,0.3245895221083025,0.8872877194126669,0.9743000590660718,0.4303455395639765,0.9114684681699544,1.0,0.3728425501937301,0.8872877194126669,,gamma,"{'shape': 2, 'scale': 2}",120.0,,
35,IM_0.0,0.9,,DelayedEventLoggingPolluter,1.0,0.3865922797773559,0.8289088704041992,1.0,0.4102691033098194,0.8824713810137513,1.0,0.3074168616606395,0.8913440376614803,0.9734492799156664,0.4335583833732616,0.9116121309903376,1.0,0.3482103831771161,0.8913440376614803,,gamma,"{'shape': 2, 'scale': 2}",120.0,,
36,IM_0.0,0.1,,DeleteActivityPolluter,1.0,0.3865922797773559,0.8289088704041992,1.0,0.4102691033098194,0.8824713810137513,1.0,0.2573652220328185,0.8912524335808437,0.9253549477485948,0.4456470758018545,0.9042246584073976,1.0,0.2361862049567147,0.7540349133943067,,,,,,
37,IM_0.0,0.2,,DeleteActivityPolluter,1.0,0.3865922797773559,0.8289088704041992,1.0,0.4102691033098194,0.8824713810137513,1.0,0.2528155482619448,0.8780612828622828,0.8687886206028569,0.4561100375127884,0.9021021849531292,1.0,0.2299972609410189,0.7316246779071491,,,,,,
38,IM_0.0,0.3,,DeleteActivityPolluter,1.0,0.3865922797773559,0.8289088704041992,1.0,0.4102691033098194,0.8824713810137513,1.0,0.2772582997340653,0.8962491996715626,0.812842745805156,0.4777403666292555,0.8944811647678802,1.0,0.2365003364158412,0.7309865252322256,,,,,,
39,IM_0.0,0.4,,DeleteActivityPolluter,1.0,0.3865922797773559,0.8289088704041992,1.0,0.4102691033098194,0.8824713810137513,1.0,0.2882976392300683,0.8726941660888741,0.7635760264749599,0.4844552394170714,0.8797362595703044,0.9997902825624766,0.2303208110813144,0.7471794051541969,,,,,,
40,IM_0.0,0.5,,DeleteActivityPolluter,1.0,0.3865922797773559,0.8289088704041992,1.0,0.4102691033098194,0.8824713810137513,1.0,0.3172546096941592,0.8817153597692579,0.7271706444002944,0.5508706756443,0.8701792269700538,0.9997214502723448,0.2266350746549325,0.7075776574674033,,,,,,
41,IM_0.0,0.6,,DeleteActivityPolluter,1.0,0.3865922797773559,0.8289088704041992,1.0,0.4102691033098194,0.8824713810137513,1.0,0.3288206072341169,0.8718447806650861,0.6967381915199689,0.5330859616573902,0.8638241582942888,0.9999622618511852,0.2301481509692653,0.7151466551816843,,,,,,
42,IM_0.0,0.7,,DeleteActivityPolluter,1.0,0.3865922797773559,0.8289088704041992,1.0,0.4102691033098194,0.8824713810137513,1.0,0.3483466007108265,0.8517415259604671,0.679894211074206,0.562836253276314,0.8487891340918192,0.9996563513986664,0.2340736593256189,0.7350351001012516,,,,,,
43,IM_0.0,0.8,,DeleteActivityPolluter,1.0,0.3865922797773559,0.8289088704041992,1.0,0.4102691033098194,0.8824713810137513,1.0,0.3109062130995151,0.866649441772105,0.6664031626236848,0.550837265241928,0.8277154394852602,0.9997340606348925,0.2328348981878598,0.7043823218456832,,,,,,
44,IM_0.0,0.9,,DeleteActivityPolluter,1.0,0.3865922797773559,0.8289088704041992,1.0,0.4102691033098194,0.8824713810137513,1.0,0.2984668989547038,0.8578550378583378,0.6578771686329302,0.4941954957046668,0.7886290136992365,0.9989312534822584,0.2459171112022978,0.7150811816524798,,,,,,
45,IM_0.2,0.1,sqrt,InsertAlienActivityPolluter,1.0,0.3865922797773559,0.8289088704041992,0.9988525555115314,0.4102691033098194,0.8842139714934686,0.8924233000938334,0.4801677010974556,0.8498158532789438,0.9988525555115314,0.3248516858995218,0.8842139714934686,0.8928050972224323,0.316884332326541,0.5911409645739901,,,,,,
46,IM_0.2,0.2,sqrt,InsertAlienActivityPolluter,1.0,0.3865922797773559,0.8289088704041992,0.9988525555115314,0.4102691033098194,0.8842139714934686,0.812058674104203,0.5865379279729205,0.8853191102208865,0.9988525555115314,0.2880235121234387,0.8842139714934686,0.7940396709397689,0.1725587617045672,0.6307486086908167,,,,,,
47,IM_0.2,0.3,sqrt,InsertAlienActivityPolluter,1.0,0.3865922797773559,0.8289088704041992,0.9988525555115314,0.4102691033098194,0.8842139714934686,0.9312094035850026,0.2569897912259725,0.8593690503190609,0.9988525555115314,0.2613554357515812,0.8842139714934686,0.8860531576332303,0.2512806118868851,0.5810247133876726,,,,,,
48,IM_0.2,0.4,sqrt,InsertAlienActivityPolluter,1.0,0.3865922797773559,0.8289088704041992,0.9988525555115314,0.4102691033098194,0.8842139714934686,0.94612687865675,0.2409904756456825,0.870578424765414,0.9988525555115314,0.233959473450673,0.8842139714934686,0.8860259808046138,0.2530435484847873,0.5880557400482529,,,,,,
49,IM_0.2,0.5,sqrt,InsertAlienActivityPolluter,1.0,0.3865922797773559,0.8289088704041992,0.9988525555115314,0.4102691033098194,0.8842139714934686,0.9629878146908076,0.2339121689574254,0.9248431705599928,0.9988525555115314,0.222018094534712,0.8842139714934686,0.8805314893004824,0.2548547144106224,0.6031004530465404,,,,,,
50,IM_0.2,0.6,sqrt,InsertAlienActivityPolluter,1.0,0.3865922797773559,0.8289088704041992,0.9988525555115314,0.4102691033098194,0.8842139714934686,0.97216070677651,0.2210610982597689,0.8960114499410212,0.9988525555115314,0.2038827402089111,0.8842139714934686,0.8805314893004824,0.2530435484847873,0.5836455997224584,,,,,,
51,IM_0.2,0.7,sqrt,InsertAlienActivityPolluter,1.0,0.3865922797773559,0.8289088704041992,0.9988525555115314,0.4102691033098194,0.8842139714934686,0.987223175797724,0.209515561823065,0.9280883308194234,0.9988525555115314,0.1856419935890134,0.8842139714934686,0.903440083368367,0.256635732035093,0.6454063637849567,,,,,,
52,IM_0.2,0.8,sqrt,InsertAlienActivityPolluter,1.0,0.3865922797773559,0.8289088704041992,0.9988525555115314,0.4102691033098194,0.8842139714934686,0.9918382414120918,0.205908817408489,0.9031900771587196,0.9988525555115314,0.1785585433442592,0.8842139714934686,0.9066052161002316,0.256635732035093,0.6167620105665128,,,,,,
53,IM_0.2,0.9,sqrt,InsertAlienActivityPolluter,1.0,0.3865922797773559,0.8289088704041992,0.9988525555115314,0.4102691033098194,0.8842139714934686,0.994304328009764,0.1990737840152037,0.9290209216663315,0.9988525555115314,0.1668659240683501,0.8842139714934686,0.903440083368367,0.256635732035093,0.6454063637849567,,,,,,
54,IM_0.2,0.1,,AggregatedEventLoggingPolluter,1.0,0.3865922797773559,0.8289088704041992,0.9988525555115314,0.4102691033098194,0.8842139714934686,0.9988525555115314,0.4181358123160703,0.8842139714934686,0.9988525555115314,0.4181358123160703,0.8842139714934686,0.9988525555115314,0.4102691033098194,0.8842139714934686,hour,,,,,
55,IM_0.2,0.2,,AggregatedEventLoggingPolluter,1.0,0.3865922797773559,0.8289088704041992,0.9988525555115314,0.4102691033098194,0.8842139714934686,0.9988525555115314,0.4214108910891089,0.8842139714934686,0.9988525555115314,0.4214108910891089,0.8842139714934686,0.9988525555115314,0.4102691033098194,0.8842139714934686,hour,,,,,
56,IM_0.2,0.3,,AggregatedEventLoggingPolluter,1.0,0.3865922797773559,0.8289088704041992,0.9988525555115314,0.4102691033098194,0.8842139714934686,0.9988525555115314,0.4083720674385984,0.8842139714934686,0.9988525555115314,0.4083720674385984,0.8842139714934686,0.9988525555115314,0.4102691033098194,0.8842139714934686,hour,,,,,
57,IM_0.2,0.4,,AggregatedEventLoggingPolluter,1.0,0.3865922797773559,0.8289088704041992,0.9988525555115314,0.4102691033098194,0.8842139714934686,0.9988525555115314,0.41062170821931,0.8842139714934686,0.9988525555115314,0.41062170821931,0.8842139714934686,0.9988525555115314,0.4102691033098194,0.8842139714934686,hour,,,,,
58,IM_0.2,0.5,,AggregatedEventLoggingPolluter,1.0,0.3865922797773559,0.8289088704041992,0.9988525555115314,0.4102691033098194,0.8842139714934686,0.9856861521516422,0.4470195144492234,0.913066926291747,0.9988525555115314,0.4117412470089936,0.8842139714934686,0.9856861521516422,0.4468429094268557,0.913066926291747,hour,,,,,
59,IM_0.2,0.6,,AggregatedEventLoggingPolluter,1.0,0.3865922797773559,0.8289088704041992,0.9988525555115314,0.4102691033098194,0.8842139714934686,0.9856861521516422,0.4445786771368166,0.913066926291747,0.9988525555115314,0.4087071312670168,0.8842139714934686,0.9856861521516422,0.4468429094268557,0.913066926291747,hour,,,,,
60,IM_0.2,0.7,,AggregatedEventLoggingPolluter,1.0,0.3865922797773559,0.8289088704041992,0.9988525555115314,0.4102691033098194,0.8842139714934686,0.9856861521516422,0.4449440199040341,0.913066926291747,0.9988525555115314,0.4081845933830202,0.8842139714934686,0.9856861521516422,0.4468429094268557,0.913066926291747,hour,,,,,
61,IM_0.2,0.8,,AggregatedEventLoggingPolluter,1.0,0.3865922797773559,0.8289088704041992,0.9988525555115314,0.4102691033098194,0.8842139714934686,0.9988525555115314,0.411482398239824,0.8842139714934686,0.9988525555115314,0.411482398239824,0.8842139714934686,0.9988525555115314,0.4102691033098194,0.8842139714934686,hour,,,,,
62,IM_0.2,0.9,,AggregatedEventLoggingPolluter,1.0,0.3865922797773559,0.8289088704041992,0.9988525555115314,0.4102691033098194,0.8842139714934686,0.9856861521516422,0.4459293749666779,0.913066926291747,0.9988525555115314,0.4098985120602877,0.8842139714934686,0.9856861521516422,0.4468429094268557,0.913066926291747,hour,,,,,
63,IM_0.2,0.1,,AggregatedEventLoggingPolluter,1.0,0.3865922797773559,0.8289088704041992,0.9988525555115314,0.4102691033098194,0.8842139714934686,0.9952668144393726,0.4300921187308085,0.9119716955917624,0.9988525555115314,0.4176854844254968,0.8842139714934686,0.9952668144393726,0.4225633758463234,0.9119716955917624,day,,,,,
64,IM_0.2,0.2,,AggregatedEventLoggingPolluter,1.0,0.3865922797773559,0.8289088704041992,0.9988525555115314,0.4102691033098194,0.8842139714934686,0.9988525555115314,0.412241979179559,0.8842139714934686,0.9988525555115314,0.412241979179559,0.8842139714934686,0.9988525555115314,0.4102691033098194,0.8842139714934686,day,,,,,
65,IM_0.2,0.3,,AggregatedEventLoggingPolluter,1.0,0.3865922797773559,0.8289088704041992,0.9988525555115314,0.4102691033098194,0.8842139714934686,0.9988525555115314,0.4195030047994279,0.8842139714934686,0.9988525555115314,0.4195030047994279,0.8842139714934686,0.9988525555115314,0.4102691033098194,0.8842139714934686,day,,,,,
66,IM_0.2,0.4,,AggregatedEventLoggingPolluter,1.0,0.3865922797773559,0.8289088704041992,0.9988525555115314,0.4102691033098194,0.8842139714934686,0.9856861521516422,0.4447425464624569,0.913066926291747,0.9988525555115314,0.4102116307531525,0.8842139714934686,0.9856861521516422,0.4468429094268557,0.913066926291747,day,,,,,
67,IM_0.2,0.5,,AggregatedEventLoggingPolluter,1.0,0.3865922797773559,0.8289088704041992,0.9988525555115314,0.4102691033098194,0.8842139714934686,0.9988525555115314,0.4083414694517402,0.8842139714934686,0.9988525555115314,0.4083414694517402,0.8842139714934686,0.9988525555115314,0.4102691033098194,0.8842139714934686,day,,,,,
68,IM_0.2,0.6,,AggregatedEventLoggingPolluter,1.0,0.3865922797773559,0.8289088704041992,0.9988525555115314,0.4102691033098194,0.8842139714934686,0.9988525555115314,0.4084051872326966,0.8842139714934686,0.9988525555115314,0.4084051872326966,0.8842139714934686,0.9988525555115314,0.4102691033098194,0.8842139714934686,day,,,,,
69,IM_0.2,0.7,,AggregatedEventLoggingPolluter,1.0,0.3865922797773559,0.8289088704041992,0.9988525555115314,0.4102691033098194,0.8842139714934686,0.9988525555115314,0.408286464707581,0.8842139714934686,0.9988525555115314,0.408286464707581,0.8842139714934686,0.9988525555115314,0.4102691033098194,0.8842139714934686,day,,,,,
70,IM_0.2,0.8,,AggregatedEventLoggingPolluter,1.0,0.3865922797773559,0.8289088704041992,0.9988525555115314,0.4102691033098194,0.8842139714934686,0.9988525555115314,0.4189573850744627,0.8842139714934686,0.9988525555115314,0.4189573850744627,0.8842139714934686,0.9988525555115314,0.4102691033098194,0.8842139714934686,day,,,,,
71,IM_0.2,0.9,,AggregatedEventLoggingPolluter,1.0,0.3865922797773559,0.8289088704041992,0.9988525555115314,0.4102691033098194,0.8842139714934686,0.9988525555115314,0.4118399339933993,0.8842139714934686,0.9988525555115314,0.4118399339933993,0.8842139714934686,0.9988525555115314,0.4102691033098194,0.8842139714934686,day,,,,,
72,IM_0.2,0.1,,DelayedEventLoggingPolluter,1.0,0.3865922797773559,0.8289088704041992,0.9988525555115314,0.4102691033098194,0.8842139714934686,0.96904031583282,0.3870050113652979,0.8792638046396402,0.9921167469591712,0.4045898578946522,0.9118265152065952,0.96904031583282,0.3828633693890025,0.8792638046396402,,gamma,"{'shape': 2, 'scale': 2}",120.0,,
73,IM_0.2,0.2,,DelayedEventLoggingPolluter,1.0,0.3865922797773559,0.8289088704041992,0.9988525555115314,0.4102691033098194,0.8842139714934686,0.971559900538602,0.3717355541846596,0.8597652030815629,0.9868501118907907,0.4147316186219175,0.9128007342070756,0.971559900538602,0.3702342555351383,0.8597652030815629,,gamma,"{'shape': 2, 'scale': 2}",120.0,,
74,IM_0.2,0.3,,DelayedEventLoggingPolluter,1.0,0.3865922797773559,0.8289088704041992,0.9988525555115314,0.4102691033098194,0.8842139714934686,1.0,0.3488208854134598,0.8631078663937986,0.9835796418066872,0.4055922600175908,0.9132043870701856,1.0,0.3732532682804779,0.8631078663937986,,gamma,"{'shape': 2, 'scale': 2}",120.0,,
75,IM_0.2,0.4,,DelayedEventLoggingPolluter,1.0,0.3865922797773559,0.8289088704041992,0.9988525555115314,0.4102691033098194,0.8842139714934686,0.9700832021314624,0.3461961974209019,0.8501390082321285,0.9814469977478956,0.4126277838627236,0.913532437851661,0.9700832021314624,0.3684269052090541,0.8501390082321285,,gamma,"{'shape': 2, 'scale': 2}",120.0,,
76,IM_0.2,0.5,,DelayedEventLoggingPolluter,1.0,0.3865922797773559,0.8289088704041992,0.9988525555115314,0.4102691033098194,0.8842139714934686,0.971341699603548,0.3505923431849358,0.8568297282479287,0.9787093762087554,0.4172783738001129,0.9138119497055834,0.971341699603548,0.376964211218285,0.8568297282479287,,gamma,"{'shape': 2, 'scale': 2}",120.0,,
77,IM_0.2,0.6,,DelayedEventLoggingPolluter,1.0,0.3865922797773559,0.8289088704041992,0.9988525555115314,0.4102691033098194,0.8842139714934686,0.9683350706681508,0.3204715715489914,0.8501390082321285,0.9763752968877408,0.4185513121399615,0.9137576383967376,0.9683350706681508,0.3615081529975147,0.8501390082321285,,gamma,"{'shape': 2, 'scale': 2}",120.0,,
78,IM_0.2,0.7,,DelayedEventLoggingPolluter,1.0,0.3865922797773559,0.8289088704041992,0.9988525555115314,0.4102691033098194,0.8842139714934686,0.9683350706681508,0.3200792882931779,0.8501390082321285,0.9742256069832842,0.4257330465300577,0.9139582442873112,0.9683350706681508,0.3604201416588102,0.8501390082321285,,gamma,"{'shape': 2, 'scale': 2}",120.0,,
79,IM_0.2,0.8,,DelayedEventLoggingPolluter,1.0,0.3865922797773559,0.8289088704041992,0.9988525555115314,0.4102691033098194,0.8842139714934686,0.9670881458017276,0.3240700271950272,0.8766827385995889,0.9754768121209092,0.4208876519701187,0.9139632209284828,0.9670881458017276,0.371961031347063,0.8766827385995889,,gamma,"{'shape': 2, 'scale': 2}",120.0,,
80,IM_0.2,0.9,,DelayedEventLoggingPolluter,1.0,0.3865922797773559,0.8289088704041992,0.9988525555115314,0.4102691033098194,0.8842139714934686,0.969884002962555,0.327468122517737,0.852221764287288,0.9728105088575776,0.4309397469308298,0.914173953377532,0.969884002962555,0.3725512243878061,0.852221764287288,,gamma,"{'shape': 2, 'scale': 2}",120.0,,
81,IM_0.2,0.1,,DeleteActivityPolluter,1.0,0.3865922797773559,0.8289088704041992,0.9988525555115314,0.4102691033098194,0.8842139714934686,0.9709801259964972,0.4017104559845401,0.9031990776245428,0.9267809792216172,0.446013363831205,0.9083425439251376,0.9988525555115314,0.3732019112901208,0.812520946777782,,,,,,
82,IM_0.2,0.2,,DeleteActivityPolluter,1.0,0.3865922797773559,0.8289088704041992,0.9988525555115314,0.4102691033098194,0.8842139714934686,0.941143005274652,0.4328445747800586,0.9042681900709656,0.869849683649475,0.4650084793668739,0.9027175028255,0.9988525555115314,0.3732019112901208,0.812520946777782,,,,,,
83,IM_0.2,0.3,,DeleteActivityPolluter,1.0,0.3865922797773559,0.8289088704041992,0.9988525555115314,0.4102691033098194,0.8842139714934686,0.93106905668079,0.4330972916736584,0.90541021891932,0.8105782984743283,0.4961056145310197,0.8962057621625739,0.9989132401509556,0.3677449804832002,0.7996974298658373,,,,,,
84,IM_0.2,0.4,,DeleteActivityPolluter,1.0,0.3865922797773559,0.8289088704041992,0.9988525555115314,0.4102691033098194,0.8842139714934686,0.9333382555477118,0.5425397567820394,0.9034147024025506,0.7637425259264052,0.4941365349713806,0.8915458370576208,0.9949621775021562,0.425917019366423,0.8917412572403146,,,,,,
85,IM_0.2,0.5,,DeleteActivityPolluter,1.0,0.3865922797773559,0.8289088704041992,0.9988525555115314,0.4102691033098194,0.8842139714934686,0.8322395342548393,0.4787089290892462,0.8871842175702674,0.7218153377230976,0.5320336730172796,0.8851780153819757,0.8900309921024762,0.3822042195903805,0.8578145513998325,,,,,,
86,IM_0.2,0.6,,DeleteActivityPolluter,1.0,0.3865922797773559,0.8289088704041992,0.9988525555115314,0.4102691033098194,0.8842139714934686,0.8957015478855367,0.5560520939734424,0.8794372684388949,0.6962565112434644,0.5588464970995091,0.861650601352322,0.9958949423977356,0.432901491077976,0.8637913771388934,,,,,,
87,IM_0.2,0.7,,DeleteActivityPolluter,1.0,0.3865922797773559,0.8289088704041992,0.9988525555115314,0.4102691033098194,0.8842139714934686,0.8473437389799483,0.4520329197887237,0.8988775469567042,0.6777494136126304,0.5809444148733937,0.8488129509474115,0.9991686963116284,0.3624816928437957,0.867740129990384,,,,,,
88,IM_0.2,0.8,,DeleteActivityPolluter,1.0,0.3865922797773559,0.8289088704041992,0.9988525555115314,0.4102691033098194,0.8842139714934686,0.9189014463209892,0.6713829934803718,0.8601237087735591,0.6669271139429,0.5681929600941269,0.8286011537895459,0.9725064287607952,0.5025161954013402,0.9090814372277876,,,,,,
89,IM_0.2,0.9,,DeleteActivityPolluter,1.0,0.3865922797773559,0.8289088704041992,0.9988525555115314,0.4102691033098194,0.8842139714934686,0.9141172002613516,0.6885204081632653,0.8739677295954561,0.6738362956992842,0.4788626069451435,0.8021448351467348,0.9538757470292684,0.5179819705835838,0.910177904550226,,,,,,
90,ALPHA,0.1,sqrt,InsertAlienActivityPolluter,1.0,0.3865922797773559,0.8289088704041992,0.4100338691531681,0.3488604225586424,0.9021495442220508,0.3945383280575223,0.378385713510286,0.9102585547790149,0.4100338691531681,0.337851929092805,0.9021495442220508,0.4100338691531681,0.2371903630810994,0.7217196353776406,,,,,,
91,ALPHA,0.2,sqrt,InsertAlienActivityPolluter,1.0,0.3865922797773559,0.8289088704041992,0.4100338691531681,0.3488604225586424,0.9021495442220508,0.3887038652610698,0.3840228987769971,0.913618777068594,0.4100338691531681,0.3313760333771151,0.9021495442220508,0.4202109630471881,0.2371903630810994,0.7217196353776406,,,,,,
92,ALPHA,0.3,sqrt,InsertAlienActivityPolluter,1.0,0.3865922797773559,0.8289088704041992,0.4100338691531681,0.3488604225586424,0.9021495442220508,0.3789152718702175,0.3791492994526189,0.9151055204132008,0.4100338691531681,0.3138986602799192,0.9021495442220508,0.4241405746370559,0.2371903630810994,0.7217196353776406,,,,,,
93,ALPHA,0.4,sqrt,InsertAlienActivityPolluter,1.0,0.3865922797773559,0.8289088704041992,0.4100338691531681,0.3488604225586424,0.9021495442220508,0.3622820083513069,0.3753802281368821,0.9159920852271246,0.4100338691531681,0.2989111095295709,0.9021495442220508,0.4305192661798638,0.2373514431239388,0.7217196353776406,,,,,,
94,ALPHA,0.5,sqrt,InsertAlienActivityPolluter,1.0,0.3865922797773559,0.8289088704041992,0.4100338691531681,0.3488604225586424,0.9021495442220508,0.3442425013159009,0.3791113147045351,0.9165960373906386,0.4100338691531681,0.2967502065546681,0.9021495442220508,0.3930291989074008,0.2373514431239388,0.7217196353776406,,,,,,
95,ALPHA,0.6,sqrt,InsertAlienActivityPolluter,1.0,0.3865922797773559,0.8289088704041992,0.4100338691531681,0.3488604225586424,0.9021495442220508,0.3434217007228821,0.3463628253993999,0.9170431784990432,0.4100338691531681,0.2874684720562857,0.9021495442220508,0.4083058846660478,0.2197537332984018,0.7217196353776406,,,,,,
96,ALPHA,0.7,sqrt,InsertAlienActivityPolluter,1.0,0.3865922797773559,0.8289088704041992,0.4100338691531681,0.3488604225586424,0.9021495442220508,0.3416760572703522,0.3232050967900024,0.9173899658581448,0.4100338691531681,0.276727931659332,0.9021495442220508,0.4218699365619717,0.1904398122885517,0.7217196353776406,,,,,,
97,ALPHA,0.8,sqrt,InsertAlienActivityPolluter,1.0,0.3865922797773559,0.8289088704041992,0.4100338691531681,0.3488604225586424,0.9021495442220508,0.2659884968151918,0.3854211100052135,0.9176689442956776,0.4100338691531681,0.2711111111111111,0.9021495442220508,0.3324717490947044,0.2247263361236317,0.7217196353776406,,,,,,
98,ALPHA,0.9,sqrt,InsertAlienActivityPolluter,1.0,0.3865922797773559,0.8289088704041992,0.4100338691531681,0.3488604225586424,0.9021495442220508,0.3162748139233047,0.4004403346543372,0.9179010450241052,0.4100338691531681,0.2616667688722635,0.9021495442220508,0.4195997717092968,0.2576325327108545,0.7217196353776406,,,,,,
99,ALPHA,0.1,,AggregatedEventLoggingPolluter,1.0,0.3865922797773559,0.8289088704041992,0.4100338691531681,0.3488604225586424,0.9021495442220508,0.4241405746370559,0.3486185086551264,0.9021495442220508,0.4100338691531681,0.3486185086551264,0.9021495442220508,0.4241405746370559,0.3488604225586424,0.9021495442220508,hour,,,,,
100,ALPHA,0.2,,AggregatedEventLoggingPolluter,1.0,0.3865922797773559,0.8289088704041992,0.4100338691531681,0.3488604225586424,0.9021495442220508,0.4056132765053854,0.3746009223128769,0.9021495442220508,0.4100338691531681,0.4059159830971911,0.9021495442220508,0.4056132765053854,0.3121674352607307,0.9021495442220508,hour,,,,,
101,ALPHA,0.3,,AggregatedEventLoggingPolluter,1.0,0.3865922797773559,0.8289088704041992,0.4100338691531681,0.3488604225586424,0.9021495442220508,0.4056132765053854,0.3746009223128769,0.9021495442220508,0.4100338691531681,0.4069177683545356,0.9021495442220508,0.4056132765053854,0.3121674352607307,0.9021495442220508,hour,,,,,
102,ALPHA,0.4,,AggregatedEventLoggingPolluter,1.0,0.3865922797773559,0.8289088704041992,0.4100338691531681,0.3488604225586424,0.9021495442220508,0.4241405746370559,0.3487926727726894,0.9021495442220508,0.4100338691531681,0.3487926727726894,0.9021495442220508,0.4241405746370559,0.3488604225586424,0.9021495442220508,hour,,,,,
103,ALPHA,0.5,,AggregatedEventLoggingPolluter,1.0,0.3865922797773559,0.8289088704041992,0.4100338691531681,0.3488604225586424,0.9021495442220508,0.4241405746370559,0.3477502905528806,0.9021495442220508,0.4100338691531681,0.3477502905528806,0.9021495442220508,0.4241405746370559,0.3488604225586424,0.9021495442220508,hour,,,,,
104,ALPHA,0.6,,AggregatedEventLoggingPolluter,1.0,0.3865922797773559,0.8289088704041992,0.4100338691531681,0.3488604225586424,0.9021495442220508,0.4243648848052754,0.3746009223128769,0.9021495442220508,0.4100338691531681,0.4065121687847828,0.9021495442220508,0.4243648848052754,0.3121674352607307,0.9021495442220508,hour,,,,,
105,ALPHA,0.7,,AggregatedEventLoggingPolluter,1.0,0.3865922797773559,0.8289088704041992,0.4100338691531681,0.3488604225586424,0.9021495442220508,0.4100338691531681,0.3491020951114066,0.9021495442220508,0.4100338691531681,0.3491020951114066,0.9021495442220508,0.4100338691531681,0.3488604225586424,0.9021495442220508,hour,,,,,
106,ALPHA,0.8,,AggregatedEventLoggingPolluter,1.0,0.3865922797773559,0.8289088704041992,0.4100338691531681,0.3488604225586424,0.9021495442220508,0.3915065710214971,0.3746009223128769,0.9021495442220508,0.4100338691531681,0.4057033905330349,0.9021495442220508,0.3915065710214971,0.3121674352607307,0.9021495442220508,hour,,,,,
107,ALPHA,0.9,,AggregatedEventLoggingPolluter,1.0,0.3865922797773559,0.8289088704041992,0.4100338691531681,0.3488604225586424,0.9021495442220508,0.4241405746370559,0.3488604225586424,0.9021495442220508,0.4100338691531681,0.3488604225586424,0.9021495442220508,0.4241405746370559,0.3488604225586424,0.9021495442220508,hour,,,,,
108,ALPHA,0.1,,AggregatedEventLoggingPolluter,1.0,0.3865922797773559,0.8289088704041992,0.4100338691531681,0.3488604225586424,0.9021495442220508,0.4241405746370559,0.3486710963455149,0.9021495442220508,0.4100338691531681,0.3486710963455149,0.9021495442220508,0.4241405746370559,0.3488604225586424,0.9021495442220508,day,,,,,
109,ALPHA,0.2,,AggregatedEventLoggingPolluter,1.0,0.3865922797773559,0.8289088704041992,0.4100338691531681,0.3488604225586424,0.9021495442220508,0.4241405746370559,0.3483388704318937,0.9021495442220508,0.4100338691531681,0.3483388704318937,0.9021495442220508,0.4241405746370559,0.3488604225586424,0.9021495442220508,day,,,,,
110,ALPHA,0.3,,AggregatedEventLoggingPolluter,1.0,0.3865922797773559,0.8289088704041992,0.4100338691531681,0.3488604225586424,0.9021495442220508,0.4056132765053854,0.3746009223128769,0.9021495442220508,0.4100338691531681,0.4071303914235851,0.9021495442220508,0.4056132765053854,0.3121674352607307,0.9021495442220508,day,,,,,
111,ALPHA,0.4,,AggregatedEventLoggingPolluter,1.0,0.3865922797773559,0.8289088704041992,0.4100338691531681,0.3488604225586424,0.9021495442220508,0.4056132765053854,0.3746009223128769,0.9021495442220508,0.4100338691531681,0.4061178811240985,0.9021495442220508,0.4056132765053854,0.3121674352607307,0.9021495442220508,day,,,,,
112,ALPHA,0.5,,AggregatedEventLoggingPolluter,1.0,0.3865922797773559,0.8289088704041992,0.4100338691531681,0.3488604225586424,0.9021495442220508,0.3915065710214971,0.3746009223128769,0.9021495442220508,0.4100338691531681,0.4061178811240985,0.9021495442220508,0.3915065710214971,0.3121674352607307,0.9021495442220508,day,,,,,
113,ALPHA,0.6,,AggregatedEventLoggingPolluter,1.0,0.3865922797773559,0.8289088704041992,0.4100338691531681,0.3488604225586424,0.9021495442220508,0.4100338691531681,0.3478188754353956,0.9021495442220508,0.4100338691531681,0.3478188754353956,0.9021495442220508,0.4100338691531681,0.3488604225586424,0.9021495442220508,day,,,,,
114,ALPHA,0.7,,AggregatedEventLoggingPolluter,1.0,0.3865922797773559,0.8289088704041992,0.4100338691531681,0.3488604225586424,0.9021495442220508,0.4056132765053854,0.3746009223128769,0.9021495442220508,0.4100338691531681,0.4071208718076698,0.9021495442220508,0.4056132765053854,0.3121674352607307,0.9021495442220508,day,,,,,
115,ALPHA,0.8,,AggregatedEventLoggingPolluter,1.0,0.3865922797773559,0.8289088704041992,0.4100338691531681,0.3488604225586424,0.9021495442220508,0.4100338691531681,0.3488294869666279,0.9021495442220508,0.4100338691531681,0.3488294869666279,0.9021495442220508,0.4100338691531681,0.3488604225586424,0.9021495442220508,day,,,,,
116,ALPHA,0.9,,AggregatedEventLoggingPolluter,1.0,0.3865922797773559,0.8289088704041992,0.4100338691531681,0.3488604225586424,0.9021495442220508,0.3915065710214971,0.3746009223128769,0.9021495442220508,0.4100338691531681,0.4063096720630967,0.9021495442220508,0.3915065710214971,0.3121674352607307,0.9021495442220508,day,,,,,
117,ALPHA,0.1,,DelayedEventLoggingPolluter,1.0,0.3865922797773559,0.8289088704041992,0.4100338691531681,0.3488604225586424,0.9021495442220508,0.290448955410847,0.3452355799704204,0.9021495442220508,0.3950128446300402,0.3484004985459078,0.9021495442220508,0.290448955410847,0.2968362941467902,0.9021495442220508,,gamma,"{'shape': 2, 'scale': 2}",120.0,,
118,ALPHA,0.2,,DelayedEventLoggingPolluter,1.0,0.3865922797773559,0.8289088704041992,0.4100338691531681,0.3488604225586424,0.9021495442220508,0.2876061807743391,0.4437790560239539,0.9021495442220508,0.3830151317669085,0.4057574249211879,0.9021495442220508,0.2876061807743391,0.2775149795017344,0.9021495442220508,,gamma,"{'shape': 2, 'scale': 2}",120.0,,
119,ALPHA,0.3,,DelayedEventLoggingPolluter,1.0,0.3865922797773559,0.8289088704041992,0.4100338691531681,0.3488604225586424,0.9021495442220508,0.330813865327734,0.3802238805970149,0.9021495442220508,0.3750657921359324,0.4060430463576159,0.9021495442220508,0.330813865327734,0.2631578947368421,0.9021495442220508,,gamma,"{'shape': 2, 'scale': 2}",120.0,,
120,ALPHA,0.4,,DelayedEventLoggingPolluter,1.0,0.3865922797773559,0.8289088704041992,0.4100338691531681,0.3488604225586424,0.9021495442220508,0.2944582906788026,0.509459319756022,0.9021495442220508,0.3696945485407579,0.4056939501779359,0.9021495442220508,0.2942858069125688,0.3265684796474545,0.9021495442220508,,gamma,"{'shape': 2, 'scale': 2}",120.0,,
121,ALPHA,0.5,,DelayedEventLoggingPolluter,1.0,0.3865922797773559,0.8289088704041992,0.4100338691531681,0.3488604225586424,0.9021495442220508,0.3244321338171,0.5204412719013627,0.9021495442220508,0.365846803873907,0.4058867177838239,0.9021495442220508,0.3244321338171,0.3327975796539661,0.9021495442220508,,gamma,"{'shape': 2, 'scale': 2}",120.0,,
122,ALPHA,0.6,,DelayedEventLoggingPolluter,1.0,0.3865922797773559,0.8289088704041992,0.4100338691531681,0.3488604225586424,0.9021495442220508,0.3219039012705558,0.4444444444444444,0.9021495442220508,0.3576404313884875,0.407187112763321,0.9021495442220508,0.3219039012705558,0.2777777777777778,0.9021495442220508,,gamma,"{'shape': 2, 'scale': 2}",120.0,,
123,ALPHA,0.7,,DelayedEventLoggingPolluter,1.0,0.3865922797773559,0.8289088704041992,0.4100338691531681,0.3488604225586424,0.9021495442220508,0.3235379955802456,0.5063058328954283,0.9021495442220508,0.3533480224192049,0.4174797081249487,0.9021495442220508,0.323643358966859,0.3123613452835212,0.9021495442220508,,gamma,"{'shape': 2, 'scale': 2}",120.0,,
124,ALPHA,0.8,,DelayedEventLoggingPolluter,1.0,0.3865922797773559,0.8289088704041992,0.4100338691531681,0.3488604225586424,0.9021495442220508,0.349807982780078,0.4989811287321697,0.9021495442220508,0.354293919310253,0.4022473739923459,0.9021495442220508,0.349807982780078,0.3121674352607307,0.9021495442220508,,gamma,"{'shape': 2, 'scale': 2}",120.0,,
125,ALPHA,0.9,,DelayedEventLoggingPolluter,1.0,0.3865922797773559,0.8289088704041992,0.4100338691531681,0.3488604225586424,0.9021495442220508,0.3415683562205762,0.4444444444444444,0.9021495442220508,0.3496234867240871,0.4049506552337809,0.9021495442220508,0.3416600939099701,0.2777777777777778,0.9021495442220508,,gamma,"{'shape': 2, 'scale': 2}",120.0,,
126,ALPHA,0.1,,DeleteActivityPolluter,1.0,0.3865922797773559,0.8289088704041992,0.4100338691531681,0.3488604225586424,0.9021495442220508,0.4167126482283181,0.3755334281650071,0.8940805632819822,0.386258329912044,0.4054769587159759,0.8940805632819822,0.4525769941850544,0.3121674352607307,0.9021495442220508,,,,,,
127,ALPHA,0.2,,DeleteActivityPolluter,1.0,0.3865922797773559,0.8289088704041992,0.4100338691531681,0.3488604225586424,0.9021495442220508,0.3766269260133896,0.3797853309481216,0.8918994324663999,0.3767594697069122,0.4086494562961733,0.8918994324663999,0.432725259111737,0.3121674352607307,0.9021495442220508,,,,,,
128,ALPHA,0.3,,DeleteActivityPolluter,1.0,0.3865922797773559,0.8289088704041992,0.4100338691531681,0.3488604225586424,0.9021495442220508,0.345399002560891,0.5465582535085765,0.886568996037226,0.3704926606529731,0.5095206280273927,0.886568996037226,0.4169189611141462,0.3846153846153846,0.9021495442220508,,,,,,
129,ALPHA,0.4,,DeleteActivityPolluter,1.0,0.3865922797773559,0.8289088704041992,0.4100338691531681,0.3488604225586424,0.9021495442220508,0.3300561259005601,0.4626666666666666,0.8797236828273088,0.365763786153418,0.5260364842454395,0.8797236828273088,0.4143729633208284,0.2862952419682798,0.9021495442220508,,,,,,
130,ALPHA,0.5,,DeleteActivityPolluter,1.0,0.3865922797773559,0.8289088704041992,0.4100338691531681,0.3488604225586424,0.9021495442220508,0.3320099851464728,0.4191199746755302,0.8478184485860089,0.38473763129806,0.5074798619102416,0.8478184485860089,0.4002209552578149,0.2505560992970904,0.9021495442220508,,,,,,
131,ALPHA,0.6,,DeleteActivityPolluter,1.0,0.3865922797773559,0.8289088704041992,0.4100338691531681,0.3488604225586424,0.9021495442220508,0.3584190370795823,0.6508916323731139,0.8563660102985056,0.4039982046775367,0.5192430752353963,0.8563660102985056,0.4644205088756294,0.3998863959102527,0.9021495442220508,,,,,,
132,ALPHA,0.7,,DeleteActivityPolluter,1.0,0.3865922797773559,0.8289088704041992,0.4100338691531681,0.3488604225586424,0.9021495442220508,0.3604689386137792,0.5569749616760348,0.8394689474848471,0.4171534226770237,0.594411515664691,0.8394689474848471,0.3953347509783725,0.3339262421439583,0.9021495442220508,,,,,,
133,ALPHA,0.8,,DeleteActivityPolluter,1.0,0.3865922797773559,0.8289088704041992,0.4100338691531681,0.3488604225586424,0.9021495442220508,0.3921879443706551,0.6848162903939796,0.8253545080250584,0.437075453398882,0.5806579468886246,0.8253545080250584,0.3932681955562189,0.3641065425394363,0.9021495442220508,,,,,,
134,ALPHA,0.9,,DeleteActivityPolluter,1.0,0.3865922797773559,0.8289088704041992,0.4100338691531681,0.3488604225586424,0.9021495442220508,0.3948382583198475,0.575774647887324,0.7968691425295532,0.4408253208970767,0.5091816367265469,0.7968691425295532,0.3837763559544024,0.3089074155331286,0.9021495442220508,,,,,,
135,ILP_0.8,0.1,sqrt,InsertAlienActivityPolluter,1.0,0.3865922797773559,0.8289088704041992,0.9545501893344704,0.271538871975142,0.908725067233038,0.9522556314851456,0.2021417555444533,0.9148955791598334,0.9545501893344704,0.2086107988123036,0.908725067233038,0.9577792930532154,0.1754544256445088,0.7435009090897258,,,,,,
136,ILP_0.8,0.2,sqrt,InsertAlienActivityPolluter,1.0,0.3865922797773559,0.8289088704041992,0.9545501893344704,0.271538871975142,0.908725067233038,0.9550957822512374,0.1591748738301729,0.918011603495964,0.9545501893344704,0.1814099327717694,0.908725067233038,0.9669482185853572,0.1617178354453093,0.7435603323480875,,,,,,
137,ILP_0.8,0.3,sqrt,InsertAlienActivityPolluter,1.0,0.3865922797773559,0.8289088704041992,0.9545501893344704,0.271538871975142,0.908725067233038,0.967103628298156,0.1386187554399802,0.9193884416422156,0.9545501893344704,0.1619055764625384,0.908725067233038,0.975717012686025,0.1492038467602081,0.7435903670527435,,,,,,
138,ILP_0.8,0.4,sqrt,InsertAlienActivityPolluter,1.0,0.3865922797773559,0.8289088704041992,0.9545501893344704,0.271538871975142,0.908725067233038,0.948526550289111,0.1499336022650397,0.9201407921207312,0.9545501893344704,0.1477415522401699,0.908725067233038,0.9574739288599292,0.1690347111046427,0.7435313669885704,,,,,,
139,ILP_0.8,0.5,sqrt,InsertAlienActivityPolluter,1.0,0.3865922797773559,0.8289088704041992,0.9545501893344704,0.271538871975142,0.908725067233038,0.9698958352512268,0.1184122554576901,0.9207515553431024,0.9545501893344704,0.1352677229593369,0.908725067233038,0.9735960485966616,0.1380227887412245,0.7435903670527435,,,,,,
140,ILP_0.8,0.6,sqrt,InsertAlienActivityPolluter,1.0,0.3865922797773559,0.8289088704041992,0.9545501893344704,0.271538871975142,0.908725067233038,0.9926156782391208,0.1213579035708797,0.9211572001183967,0.9545501893344704,0.1274685635982588,0.908725067233038,0.9916409127410768,0.1425535603079115,0.7435903670527435,,,,,,
141,ILP_0.8,0.7,sqrt,InsertAlienActivityPolluter,1.0,0.3865922797773559,0.8289088704041992,0.9545501893344704,0.271538871975142,0.908725067233038,0.9967366546077177,0.1223293492967442,0.9214721150575432,0.9545501893344704,0.1169217406082121,0.908725067233038,0.996922781608952,0.1528294265109482,0.7435903670527435,,,,,,
142,ILP_0.8,0.8,sqrt,InsertAlienActivityPolluter,1.0,0.3865922797773559,0.8289088704041992,0.9545501893344704,0.271538871975142,0.908725067233038,0.9972426564183298,0.1202367483036505,0.9217268230396723,0.9545501893344704,0.1102089209046652,0.908725067233038,0.9974919088238744,0.158358980314732,0.7435903670527435,,,,,,
143,ILP_0.8,0.9,sqrt,InsertAlienActivityPolluter,1.0,0.3865922797773559,0.8289088704041992,0.9545501893344704,0.271538871975142,0.908725067233038,0.9963753503620226,0.1153549705158564,0.921936574516774,0.9545501893344704,0.1045954182789439,0.908725067233038,0.996256392399322,0.1541230584627692,0.7435903670527435,,,,,,
144,ILP_0.8,0.1,,AggregatedEventLoggingPolluter,1.0,0.3865922797773559,0.8289088704041992,0.9545501893344704,0.271538871975142,0.908725067233038,0.9546968524946828,0.2700747112004018,0.908725067233038,0.9545501893344704,0.2700747112004018,0.908725067233038,0.9546968524946828,0.271538871975142,0.908725067233038,hour,,,,,
145,ILP_0.8,0.2,,AggregatedEventLoggingPolluter,1.0,0.3865922797773559,0.8289088704041992,0.9545501893344704,0.271538871975142,0.908725067233038,0.9552708314983204,0.2711789913196352,0.908725067233038,0.9545501893344704,0.2711789913196352,0.908725067233038,0.9552708314983204,0.271538871975142,0.908725067233038,hour,,,,,
146,ILP_0.8,0.3,,AggregatedEventLoggingPolluter,1.0,0.3865922797773559,0.8289088704041992,0.9545501893344704,0.271538871975142,0.908725067233038,0.9488618511223712,0.384647063668561,0.908738792731591,0.9545501893344704,0.2724504371576122,0.908725067233038,0.9488618511223712,0.3843625907161441,0.908738792731591,hour,,,,,
147,ILP_0.8,0.4,,AggregatedEventLoggingPolluter,1.0,0.3865922797773559,0.8289088704041992,0.9545501893344704,0.271538871975142,0.908725067233038,0.9546968524946828,0.2723418953714752,0.908725067233038,0.9545501893344704,0.2723418953714752,0.908725067233038,0.9546968524946828,0.271538871975142,0.908725067233038,hour,,,,,
148,ILP_0.8,0.5,,AggregatedEventLoggingPolluter,1.0,0.3865922797773559,0.8289088704041992,0.9545501893344704,0.271538871975142,0.908725067233038,0.9547670740792512,0.2715557160123691,0.908725067233038,0.9545501893344704,0.2715557160123691,0.908725067233038,0.9547670740792512,0.271538871975142,0.908725067233038,hour,,,,,
149,ILP_0.8,0.6,,AggregatedEventLoggingPolluter,1.0,0.3865922797773559,0.8289088704041992,0.9545501893344704,0.271538871975142,0.908725067233038,0.9548693687731782,0.2699750459061161,0.908725067233038,0.9545501893344704,0.2699750459061161,0.908725067233038,0.9548693687731782,0.271538871975142,0.908725067233038,hour,,,,,
150,ILP_0.8,0.7,,AggregatedEventLoggingPolluter,1.0,0.3865922797773559,0.8289088704041992,0.9545501893344704,0.271538871975142,0.908725067233038,0.9547670740792512,0.2700480210916167,0.908725067233038,0.9545501893344704,0.2700480210916167,0.908725067233038,0.9547670740792512,0.271538871975142,0.908725067233038,hour,,,,,
151,ILP_0.8,0.8,,AggregatedEventLoggingPolluter,1.0,0.3865922797773559,0.8289088704041992,0.9545501893344704,0.271538871975142,0.908725067233038,0.9554045966655632,0.2702214827256032,0.908725067233038,0.9545501893344704,0.2702214827256032,0.908725067233038,0.9554045966655632,0.271538871975142,0.908725067233038,hour,,,,,
152,ILP_0.8,0.9,,AggregatedEventLoggingPolluter,1.0,0.3865922797773559,0.8289088704041992,0.9545501893344704,0.271538871975142,0.908725067233038,0.953832452929648,0.2699663955277787,0.908725067233038,0.9545501893344704,0.2699663955277787,0.908725067233038,0.953832452929648,0.271538871975142,0.908725067233038,hour,,,,,
153,ILP_0.8,0.1,,AggregatedEventLoggingPolluter,1.0,0.3865922797773559,0.8289088704041992,0.9545501893344704,0.271538871975142,0.908725067233038,0.9552708314983204,0.2741829141942168,0.908725067233038,0.9545501893344704,0.2741829141942168,0.908725067233038,0.9552708314983204,0.271538871975142,0.908725067233038,day,,,,,
154,ILP_0.8,0.2,,AggregatedEventLoggingPolluter,1.0,0.3865922797773559,0.8289088704041992,0.9545501893344704,0.271538871975142,0.908725067233038,0.9552708314983204,0.2699012977231001,0.908725067233038,0.9545501893344704,0.2699012977231001,0.908725067233038,0.9552708314983204,0.271538871975142,0.908725067233038,day,,,,,
155,ILP_0.8,0.3,,AggregatedEventLoggingPolluter,1.0,0.3865922797773559,0.8289088704041992,0.9545501893344704,0.271538871975142,0.908725067233038,0.947186612718632,0.3847397703291583,0.908738792731591,0.9545501893344704,0.2731724928186855,0.908725067233038,0.947186612718632,0.3843625907161441,0.908738792731591,day,,,,,
156,ILP_0.8,0.4,,AggregatedEventLoggingPolluter,1.0,0.3865922797773559,0.8289088704041992,0.9545501893344704,0.271538871975142,0.908725067233038,0.947186612718632,0.3840342828887729,0.908738792731591,0.9545501893344704,0.2705926670015067,0.908725067233038,0.947186612718632,0.3843625907161441,0.908738792731591,day,,,,,
157,ILP_0.8,0.5,,AggregatedEventLoggingPolluter,1.0,0.3865922797773559,0.8289088704041992,0.9545501893344704,0.271538871975142,0.908725067233038,0.9557631248976204,0.2700025120894304,0.908725067233038,0.9545501893344704,0.2700025120894304,0.908725067233038,0.9557631248976204,0.271538871975142,0.908725067233038,day,,,,,
158,ILP_0.8,0.6,,AggregatedEventLoggingPolluter,1.0,0.3865922797773559,0.8289088704041992,0.9545501893344704,0.271538871975142,0.908725067233038,0.953832452929648,0.2701892595963717,0.908725067233038,0.9545501893344704,0.2701892595963717,0.908725067233038,0.953832452929648,0.271538871975142,0.908725067233038,day,,,,,
159,ILP_0.8,0.7,,AggregatedEventLoggingPolluter,1.0,0.3865922797773559,0.8289088704041992,0.9545501893344704,0.271538871975142,0.908725067233038,0.9556244537375124,0.2721408729224539,0.908725067233038,0.9545501893344704,0.2721408729224539,0.908725067233038,0.9556244537375124,0.271538871975142,0.908725067233038,day,,,,,
160,ILP_0.8,0.8,,AggregatedEventLoggingPolluter,1.0,0.3865922797773559,0.8289088704041992,0.9545501893344704,0.271538871975142,0.908725067233038,0.9550297131782296,0.269069625119651,0.908725067233038,0.9545501893344704,0.269069625119651,0.908725067233038,0.9550297131782296,0.271538871975142,0.908725067233038,day,,,,,
161,ILP_0.8,0.9,,AggregatedEventLoggingPolluter,1.0,0.3865922797773559,0.8289088704041992,0.9545501893344704,0.271538871975142,0.908725067233038,0.9488618511223712,0.3853309186697399,0.908738792731591,0.9545501893344704,0.2718809363078324,0.908725067233038,0.9488618511223712,0.3843625907161441,0.908738792731591,day,,,,,
162,ILP_0.8,0.1,,DelayedEventLoggingPolluter,1.0,0.3865922797773559,0.8289088704041992,0.9545501893344704,0.271538871975142,0.908725067233038,0.9287697384128308,0.3925773964938456,0.9087489201362752,0.9369623866324668,0.2606607333858045,0.908725067233038,0.944129257669276,0.3817311636811158,0.9087489201362752,,gamma,"{'shape': 2, 'scale': 2}",120.0,,
163,ILP_0.8,0.2,,DelayedEventLoggingPolluter,1.0,0.3865922797773559,0.8289088704041992,0.9545501893344704,0.271538871975142,0.908725067233038,0.9417228311965172,0.2164045148924518,0.9087959617587736,0.9266289899441962,0.2558989068080961,0.908725067233038,0.9628982114157744,0.2170611982750711,0.9087959617587736,,gamma,"{'shape': 2, 'scale': 2}",120.0,,
164,ILP_0.8,0.3,,DelayedEventLoggingPolluter,1.0,0.3865922797773559,0.8289088704041992,0.9545501893344704,0.271538871975142,0.908725067233038,0.9992821772250452,0.2049769676837793,0.908832670842242,0.9098412788130832,0.2413226032190343,0.908725067233038,0.9995932900766143,0.2101433127672316,0.908832670842242,,gamma,"{'shape': 2, 'scale': 2}",120.0,,
165,ILP_0.8,0.4,,DelayedEventLoggingPolluter,1.0,0.3865922797773559,0.8289088704041992,0.9545501893344704,0.271538871975142,0.908725067233038,0.9937264040137286,0.2188192321435661,0.9087975300021236,0.900559837246825,0.2441985745068788,0.908725067233038,0.9942501764590026,0.2264500082408115,0.9087975300021236,,gamma,"{'shape': 2, 'scale': 2}",120.0,,
166,ILP_0.8,0.5,,DelayedEventLoggingPolluter,1.0,0.3865922797773559,0.8289088704041992,0.9545501893344704,0.271538871975142,0.908725067233038,0.99097729353778,0.1976510926473935,0.9087975300021236,0.8967917038987054,0.2346407156197778,0.908725067233038,0.991040424850911,0.2110305053029932,0.9087975300021236,,gamma,"{'shape': 2, 'scale': 2}",120.0,,
167,ILP_0.8,0.6,,DelayedEventLoggingPolluter,1.0,0.3865922797773559,0.8289088704041992,0.9545501893344704,0.271538871975142,0.908725067233038,0.9927294386807992,0.2197141851235436,0.9087959617587736,0.8913096122546906,0.2415215398716773,0.908725067233038,0.9928291318380208,0.2385884581984684,0.9087959617587736,,gamma,"{'shape': 2, 'scale': 2}",120.0,,
168,ILP_0.8,0.7,,DelayedEventLoggingPolluter,1.0,0.3865922797773559,0.8289088704041992,0.9545501893344704,0.271538871975142,0.908725067233038,0.9926895925122172,0.2164904326320962,0.9087959617587736,0.882868855772307,0.2177892092355544,0.908725067233038,0.9928223411152728,0.2313586503058092,0.9087959617587736,,gamma,"{'shape': 2, 'scale': 2}",120.0,,
169,ILP_0.8,0.8,,DelayedEventLoggingPolluter,1.0,0.3865922797773559,0.8289088704041992,0.9545501893344704,0.271538871975142,0.908725067233038,0.9909471691672784,0.2133485317093389,0.9087959617587736,0.8849790524641701,0.2430928982013721,0.908725067233038,0.9909931655281334,0.2313568793153599,0.9087959617587736,,gamma,"{'shape': 2, 'scale': 2}",120.0,,
170,ILP_0.8,0.9,,DelayedEventLoggingPolluter,1.0,0.3865922797773559,0.8289088704041992,0.9545501893344704,0.271538871975142,0.908725067233038,0.9908069014066136,0.2201719842481716,0.9087975300021236,0.8805649076728095,0.2392756850973176,0.908725067233038,0.9909339622209522,0.2390747128255435,0.9087975300021236,,gamma,"{'shape': 2, 'scale': 2}",120.0,,
171,ILP_0.8,0.1,,DeleteActivityPolluter,1.0,0.3865922797773559,0.8289088704041992,0.9545501893344704,0.271538871975142,0.908725067233038,0.9134798359822056,0.2077298289055624,0.905001201280218,0.8958767207105823,0.2788293229397623,0.9047149458922212,0.9734913630531756,0.1979005478649993,0.908832670842242,,,,,,
172,ILP_0.8,0.2,,DeleteActivityPolluter,1.0,0.3865922797773559,0.8289088704041992,0.9545501893344704,0.271538871975142,0.908725067233038,0.8523434742219038,0.1891879719565837,0.9004305960364183,0.8349657551594056,0.2693671198249021,0.8999552018984719,0.9748463685053682,0.1873062505365369,0.908832670842242,,,,,,
173,ILP_0.8,0.3,,DeleteActivityPolluter,1.0,0.3865922797773559,0.8289088704041992,0.9545501893344704,0.271538871975142,0.908725067233038,1.0,0.1922455802357208,0.8719398396956549,0.7616394049090869,0.2722957672879289,0.8706728203196182,1.0,0.1549251742517425,0.9088341595226872,,,,,,
174,ILP_0.8,0.4,,DeleteActivityPolluter,1.0,0.3865922797773559,0.8289088704041992,0.9545501893344704,0.271538871975142,0.908725067233038,1.0,0.2042302469934048,0.893671783635504,0.7073088550434447,0.3040407109220719,0.8918425524812231,1.0,0.1549251742517425,0.9088341595226872,,,,,,
175,ILP_0.8,0.5,,DeleteActivityPolluter,1.0,0.3865922797773559,0.8289088704041992,0.9545501893344704,0.271538871975142,0.908725067233038,1.0,0.2100445092758827,0.8771382788091806,0.6506630428538459,0.2988269006895316,0.8746605485837957,1.0,0.1549251742517425,0.9088341595226872,,,,,,
176,ILP_0.8,0.6,,DeleteActivityPolluter,1.0,0.3865922797773559,0.8289088704041992,0.9545501893344704,0.271538871975142,0.908725067233038,1.0,0.2340427907807754,0.851538354687502,0.5811724310570435,0.3115243654133297,0.8476342360864385,1.0,0.1549251742517425,0.9088341595226872,,,,,,
177,ILP_0.8,0.7,,DeleteActivityPolluter,1.0,0.3865922797773559,0.8289088704041992,0.9545501893344704,0.271538871975142,0.908725067233038,1.0,0.2235540334855403,0.8649202063899061,0.5571688881642488,0.2333671914677501,0.8603619214968069,1.0,0.1549251742517425,0.9088341595226872,,,,,,
178,ILP_0.8,0.8,,DeleteActivityPolluter,1.0,0.3865922797773559,0.8289088704041992,0.9545501893344704,0.271538871975142,0.908725067233038,1.0,0.2351677001127395,0.8496663133164165,0.5245606118765763,0.2255993958844628,0.8431634129648432,1.0,0.1549251742517425,0.9088341595226872,,,,,,
179,ILP_0.8,0.9,,DeleteActivityPolluter,1.0,0.3865922797773559,0.8289088704041992,0.9545501893344704,0.271538871975142,0.908725067233038,1.0,0.1967648237179486,0.8042307081576147,0.5215025041687925,0.2568559289300888,0.7936323655368456,1.0,0.1549251742517425,0.9088341595226872,,,,,,
180,ILP_1.0,0.1,sqrt,InsertAlienActivityPolluter,1.0,0.3865922797773559,0.8289088704041992,1.0,0.1918960438779138,0.9088341595226872,1.0,0.1699412087620194,0.914997108695057,1.0,0.1515521230188419,0.9088341595226872,1.0,0.1476198382622964,0.7435915850640169,,,,,,
181,ILP_1.0,0.2,sqrt,InsertAlienActivityPolluter,1.0,0.3865922797773559,0.8289088704041992,1.0,0.1918960438779138,0.9088341595226872,1.0,0.1526746123079646,0.9180432741174192,1.0,0.1337203793963766,0.9088341595226872,1.0,0.1465236442600384,0.7435915850640169,,,,,,
182,ILP_1.0,0.3,sqrt,InsertAlienActivityPolluter,1.0,0.3865922797773559,0.8289088704041992,1.0,0.1918960438779138,0.9088341595226872,1.0,0.1411214502675859,0.9193968124633258,1.0,0.1187196011967975,0.9088341595226872,1.0,0.1465236442600384,0.7435915850640169,,,,,,
183,ILP_1.0,0.4,sqrt,InsertAlienActivityPolluter,1.0,0.3865922797773559,0.8289088704041992,1.0,0.1918960438779138,0.9088341595226872,1.0,0.1319579964687296,0.9202028337542472,1.0,0.1079390789858495,0.9088341595226872,1.0,0.1465236442600384,0.7435915850640169,,,,,,
184,ILP_1.0,0.5,sqrt,InsertAlienActivityPolluter,1.0,0.3865922797773559,0.8289088704041992,1.0,0.1918960438779138,0.9088341595226872,1.0,0.1252649706407719,0.920752882741068,1.0,0.1004881523538161,0.9088341595226872,1.0,0.1465236442600384,0.7435915850640169,,,,,,
185,ILP_1.0,0.6,sqrt,InsertAlienActivityPolluter,1.0,0.3865922797773559,0.8289088704041992,1.0,0.1918960438779138,0.9088341595226872,1.0,0.1193803908822237,0.9211585686648088,1.0,0.0922250281245821,0.9088341595226872,1.0,0.1465236442600384,0.7435915850640169,,,,,,
186,ILP_1.0,0.7,sqrt,InsertAlienActivityPolluter,1.0,0.3865922797773559,0.8289088704041992,1.0,0.1918960438779138,0.9088341595226872,1.0,0.1154757662656462,0.9214739886127176,1.0,0.0870580411571285,0.9088341595226872,1.0,0.1465236442600384,0.7435915850640169,,,,,,
187,ILP_1.0,0.8,sqrt,InsertAlienActivityPolluter,1.0,0.3865922797773559,0.8289088704041992,1.0,0.1918960438779138,0.9088341595226872,1.0,0.1114013369976577,0.9217281286817588,1.0,0.0814187574358813,0.9088341595226872,1.0,0.1465236442600384,0.7435915850640169,,,,,,
188,ILP_1.0,0.9,sqrt,InsertAlienActivityPolluter,1.0,0.3865922797773559,0.8289088704041992,1.0,0.1918960438779138,0.9088341595226872,1.0,0.1078355823818776,0.9219386509748804,1.0,0.0765127196787996,0.9088341595226872,1.0,0.1465236442600384,0.7435915850640169,,,,,,
189,ILP_1.0,0.1,,AggregatedEventLoggingPolluter,1.0,0.3865922797773559,0.8289088704041992,1.0,0.1918960438779138,0.9088341595226872,1.0,0.1958889848153978,0.9088341595226872,1.0,0.1958889848153978,0.9088341595226872,1.0,0.1918960438779138,0.9088341595226872,hour,,,,,
190,ILP_1.0,0.2,,AggregatedEventLoggingPolluter,1.0,0.3865922797773559,0.8289088704041992,1.0,0.1918960438779138,0.9088341595226872,1.0,0.1916040322990199,0.9088341595226872,1.0,0.1916040322990199,0.9088341595226872,1.0,0.1918960438779138,0.9088341595226872,hour,,,,,
191,ILP_1.0,0.3,,AggregatedEventLoggingPolluter,1.0,0.3865922797773559,0.8289088704041992,1.0,0.1918960438779138,0.9088341595226872,1.0,0.1918769996445076,0.9088341595226872,1.0,0.1918769996445076,0.9088341595226872,1.0,0.1918960438779138,0.9088341595226872,hour,,,,,
192,ILP_1.0,0.4,,AggregatedEventLoggingPolluter,1.0,0.3865922797773559,0.8289088704041992,1.0,0.1918960438779138,0.9088341595226872,1.0,0.1910009649078259,0.9088341595226872,1.0,0.1910009649078259,0.9088341595226872,1.0,0.1918960438779138,0.9088341595226872,hour,,,,,
193,ILP_1.0,0.5,,AggregatedEventLoggingPolluter,1.0,0.3865922797773559,0.8289088704041992,1.0,0.1918960438779138,0.9088341595226872,1.0,0.1954763597582651,0.9088341595226872,1.0,0.1954763597582651,0.9088341595226872,1.0,0.1918960438779138,0.9088341595226872,hour,,,,,
194,ILP_1.0,0.6,,AggregatedEventLoggingPolluter,1.0,0.3865922797773559,0.8289088704041992,1.0,0.1918960438779138,0.9088341595226872,1.0,0.1965745772180184,0.9088341595226872,1.0,0.1965745772180184,0.9088341595226872,1.0,0.1918960438779138,0.9088341595226872,hour,,,,,
195,ILP_1.0,0.7,,AggregatedEventLoggingPolluter,1.0,0.3865922797773559,0.8289088704041992,1.0,0.1918960438779138,0.9088341595226872,1.0,0.192099182367579,0.9088341595226872,1.0,0.192099182367579,0.9088341595226872,1.0,0.1918960438779138,0.9088341595226872,hour,,,,,
196,ILP_1.0,0.8,,AggregatedEventLoggingPolluter,1.0,0.3865922797773559,0.8289088704041992,1.0,0.1918960438779138,0.9088341595226872,1.0,0.1952224366461835,0.9088341595226872,1.0,0.1952224366461835,0.9088341595226872,1.0,0.1918960438779138,0.9088341595226872,hour,,,,,
197,ILP_1.0,0.9,,AggregatedEventLoggingPolluter,1.0,0.3865922797773559,0.8289088704041992,1.0,0.1918960438779138,0.9088341595226872,1.0,0.1916103803768218,0.9088341595226872,1.0,0.1916103803768218,0.9088341595226872,1.0,0.1918960438779138,0.9088341595226872,hour,,,,,
198,ILP_1.0,0.1,,AggregatedEventLoggingPolluter,1.0,0.3865922797773559,0.8289088704041992,1.0,0.1918960438779138,0.9088341595226872,1.0,0.1913691534203443,0.9088341595226872,1.0,0.1913691534203443,0.9088341595226872,1.0,0.1918960438779138,0.9088341595226872,day,,,,,
199,ILP_1.0,0.2,,AggregatedEventLoggingPolluter,1.0,0.3865922797773559,0.8289088704041992,1.0,0.1918960438779138,0.9088341595226872,1.0,0.1920293535117566,0.9088341595226872,1.0,0.1920293535117566,0.9088341595226872,1.0,0.1918960438779138,0.9088341595226872,day,,,,,
200,ILP_1.0,0.3,,AggregatedEventLoggingPolluter,1.0,0.3865922797773559,0.8289088704041992,1.0,0.1918960438779138,0.9088341595226872,1.0,0.1965682291402163,0.9088341595226872,1.0,0.1965682291402163,0.9088341595226872,1.0,0.1918960438779138,0.9088341595226872,day,,,,,
201,ILP_1.0,0.4,,AggregatedEventLoggingPolluter,1.0,0.3865922797773559,0.8289088704041992,1.0,0.1918960438779138,0.9088341595226872,1.0,0.1923594535574627,0.9088341595226872,1.0,0.1923594535574627,0.9088341595226872,1.0,0.1918960438779138,0.9088341595226872,day,,,,,
202,ILP_1.0,0.5,,AggregatedEventLoggingPolluter,1.0,0.3865922797773559,0.8289088704041992,1.0,0.1918960438779138,0.9088341595226872,1.0,0.1962698694835204,0.9088341595226872,1.0,0.1962698694835204,0.9088341595226872,1.0,0.1918960438779138,0.9088341595226872,day,,,,,
203,ILP_1.0,0.6,,AggregatedEventLoggingPolluter,1.0,0.3865922797773559,0.8289088704041992,1.0,0.1918960438779138,0.9088341595226872,1.0,0.1910517495302423,0.9088341595226872,1.0,0.1910517495302423,0.9088341595226872,1.0,0.1918960438779138,0.9088341595226872,day,,,,,
204,ILP_1.0,0.7,,AggregatedEventLoggingPolluter,1.0,0.3865922797773559,0.8289088704041992,1.0,0.1918960438779138,0.9088341595226872,1.0,0.1926260728251485,0.9088341595226872,1.0,0.1926260728251485,0.9088341595226872,1.0,0.1918960438779138,0.9088341595226872,day,,,,,
205,ILP_1.0,0.8,,AggregatedEventLoggingPolluter,1.0,0.3865922797773559,0.8289088704041992,1.0,0.1918960438779138,0.9088341595226872,1.0,0.1913755014981464,0.9088341595226872,1.0,0.1913755014981464,0.9088341595226872,1.0,0.1918960438779138,0.9088341595226872,day,,,,,
206,ILP_1.0,0.9,,AggregatedEventLoggingPolluter,1.0,0.3865922797773559,0.8289088704041992,1.0,0.1918960438779138,0.9088341595226872,1.0,0.1914897668985831,0.9088341595226872,1.0,0.1914897668985831,0.9088341595226872,1.0,0.1918960438779138,0.9088341595226872,day,,,,,
207,ILP_1.0,0.1,,DelayedEventLoggingPolluter,1.0,0.3865922797773559,0.8289088704041992,1.0,0.1918960438779138,0.9088341595226872,1.0,0.1910689135430308,0.9088341595226872,0.9965810582259066,0.1929574715718096,0.9088341595226872,1.0,0.1854812978598076,0.9088341595226872,,gamma,"{'shape': 2, 'scale': 2}",120.0,,
208,ILP_1.0,0.2,,DelayedEventLoggingPolluter,1.0,0.3865922797773559,0.8289088704041992,1.0,0.1918960438779138,0.9088341595226872,1.0,0.1840873634945398,0.9088341595226872,0.9939476000714772,0.1927742785526062,0.9088341595226872,1.0,0.1863974102050254,0.9088341595226872,,gamma,"{'shape': 2, 'scale': 2}",120.0,,
209,ILP_1.0,0.3,,DelayedEventLoggingPolluter,1.0,0.3865922797773559,0.8289088704041992,1.0,0.1918960438779138,0.9088341595226872,1.0,0.1806311343023978,0.9088341595226872,0.990292763284657,0.1920396323086196,0.9088341595226872,1.0,0.1846237471981824,0.9088341595226872,,gamma,"{'shape': 2, 'scale': 2}",120.0,,
210,ILP_1.0,0.4,,DelayedEventLoggingPolluter,1.0,0.3865922797773559,0.8289088704041992,1.0,0.1918960438779138,0.9088341595226872,1.0,0.1762832011678399,0.9088341595226872,0.9877812012378347,0.19630677091998,0.9088341595226872,1.0,0.1837249443883939,0.9088341595226872,,gamma,"{'shape': 2, 'scale': 2}",120.0,,
211,ILP_1.0,0.5,,DelayedEventLoggingPolluter,1.0,0.3865922797773559,0.8289088704041992,1.0,0.1918960438779138,0.9088341595226872,1.0,0.1775241628182804,0.9088341595226872,0.9858723615292556,0.1982609864867893,0.9088341595226872,1.0,0.1845842899711787,0.9088341595226872,,gamma,"{'shape': 2, 'scale': 2}",120.0,,
212,ILP_1.0,0.6,,DelayedEventLoggingPolluter,1.0,0.3865922797773559,0.8289088704041992,1.0,0.1918960438779138,0.9088341595226872,1.0,0.1727563741856422,0.9088341595226872,0.9859265296911194,0.1965679157971146,0.9088341595226872,1.0,0.1846237471981824,0.9088341595226872,,gamma,"{'shape': 2, 'scale': 2}",120.0,,
213,ILP_1.0,0.7,,DelayedEventLoggingPolluter,1.0,0.3865922797773559,0.8289088704041992,1.0,0.1918960438779138,0.9088341595226872,1.0,0.1707845524647997,0.9088341595226872,0.9857297528377448,0.1970699766822903,0.9088341595226872,1.0,0.1846237471981824,0.9088341595226872,,gamma,"{'shape': 2, 'scale': 2}",120.0,,
214,ILP_1.0,0.8,,DelayedEventLoggingPolluter,1.0,0.3865922797773559,0.8289088704041992,1.0,0.1918960438779138,0.9088341595226872,1.0,0.1689766863771609,0.9088341595226872,0.98298851933776,0.2067705634607464,0.9088341595226872,1.0,0.1846237471981824,0.9088341595226872,,gamma,"{'shape': 2, 'scale': 2}",120.0,,
215,ILP_1.0,0.9,,DelayedEventLoggingPolluter,1.0,0.3865922797773559,0.8289088704041992,1.0,0.1918960438779138,0.9088341595226872,1.0,0.1677858643457382,0.9088341595226872,0.983954572057102,0.2031071630079647,0.9088341595226872,1.0,0.1837349946816593,0.9088341595226872,,gamma,"{'shape': 2, 'scale': 2}",120.0,,
216,ILP_1.0,0.1,,DeleteActivityPolluter,1.0,0.3865922797773559,0.8289088704041992,1.0,0.1918960438779138,0.9088341595226872,1.0,0.1645299628858513,0.9015889854547516,0.9435332101724416,0.2090886433496718,0.9013497002056206,1.0,0.1549251742517425,0.9088341595226872,,,,,,
217,ILP_1.0,0.2,,DeleteActivityPolluter,1.0,0.3865922797773559,0.8289088704041992,1.0,0.1918960438779138,0.9088341595226872,1.0,0.188437248389694,0.902545631942426,0.8818796504855942,0.2290662098874224,0.902005874817883,1.0,0.1549251742517425,0.9088341595226872,,,,,,
218,ILP_1.0,0.3,,DeleteActivityPolluter,1.0,0.3865922797773559,0.8289088704041992,1.0,0.1918960438779138,0.9088341595226872,1.0,0.1863904907281772,0.8902412611207873,0.8279454917761256,0.2437858256068891,0.8893513852734413,1.0,0.1549251742517425,0.9088341595226872,,,,,,
219,ILP_1.0,0.4,,DeleteActivityPolluter,1.0,0.3865922797773559,0.8289088704041992,1.0,0.1918960438779138,0.9088341595226872,1.0,0.2012599038836212,0.8890553109509896,0.7714601515622038,0.2618881742032696,0.887724865511364,1.0,0.1549251742517425,0.9088341595226872,,,,,,
220,ILP_1.0,0.5,,DeleteActivityPolluter,1.0,0.3865922797773559,0.8289088704041992,1.0,0.1918960438779138,0.9088341595226872,1.0,0.230985598559856,0.881872648250804,0.7267471414784564,0.3001909237773534,0.8801197110191348,1.0,0.1549251742517425,0.9088341595226872,,,,,,
221,ILP_1.0,0.6,,DeleteActivityPolluter,1.0,0.3865922797773559,0.8289088704041992,1.0,0.1918960438779138,0.9088341595226872,1.0,0.2205413297394429,0.8488714861926975,0.6840900423303415,0.2989417287748985,0.8461948031005352,1.0,0.1549251742517425,0.9088341595226872,,,,,,
222,ILP_1.0,0.7,,DeleteActivityPolluter,1.0,0.3865922797773559,0.8289088704041992,1.0,0.1918960438779138,0.9088341595226872,1.0,0.2252836527869575,0.8424493466096779,0.6521711948167773,0.2859240284893165,0.8389200516678773,1.0,0.1549251742517425,0.9088341595226872,,,,,,
223,ILP_1.0,0.8,,DeleteActivityPolluter,1.0,0.3865922797773559,0.8289088704041992,1.0,0.1918960438779138,0.9088341595226872,1.0,0.2020453289110005,0.8396853680068703,0.648389422857263,0.277357045609258,0.8356462835957423,1.0,0.1549251742517425,0.9088341595226872,,,,,,
224,ILP_1.0,0.9,,DeleteActivityPolluter,1.0,0.3865922797773559,0.8289088704041992,1.0,0.1918960438779138,0.9088341595226872,1.0,0.208382818685669,0.7736562046448369,0.6338952552988331,0.2903340440653873,0.7675056676118522,1.0,0.1549251742517425,0.9088341595226872,,,,,,
225,IM_0.0,0.1,,DelayedEventLoggingPolluter,1.0,0.3865922797773559,0.8289088704041992,1.0,0.4102691033098194,0.8824713810137513,1.0,0.2962242843815976,0.8836890658130532,0.9789829233430568,0.4194321191773658,0.9098106126932308,1.0,0.296457981942653,0.8836890658130532,,gamma,"{'shape': 2, 'scale': 2}",3389.5438110985406,,
226,IM_0.0,0.2,,DelayedEventLoggingPolluter,1.0,0.3865922797773559,0.8289088704041992,1.0,0.4102691033098194,0.8824713810137513,1.0,0.314619920116655,0.8893717017047534,0.9701864837702804,0.4306333942933553,0.9097479755132696,1.0,0.3219086600603188,0.8893717017047534,,gamma,"{'shape': 2, 'scale': 2}",3389.5438110985406,,
227,IM_0.0,0.3,,DelayedEventLoggingPolluter,1.0,0.3865922797773559,0.8289088704041992,1.0,0.4102691033098194,0.8824713810137513,1.0,0.2727323602107914,0.891733233978378,0.9558219726272692,0.4356366675954305,0.9108714474180438,1.0,0.2863944665849172,0.891733233978378,,gamma,"{'shape': 2, 'scale': 2}",3389.5438110985406,,
228,IM_0.0,0.4,,DelayedEventLoggingPolluter,1.0,0.3865922797773559,0.8289088704041992,1.0,0.4102691033098194,0.8824713810137513,1.0,0.1599777855855652,0.9285143183413944,0.949260046948714,0.4563916019820697,0.9112320577351742,1.0,0.1746977507570679,0.9017430193078124,,gamma,"{'shape': 2, 'scale': 2}",3389.5438110985406,,
229,IM_0.0,0.5,,DelayedEventLoggingPolluter,1.0,0.3865922797773559,0.8289088704041992,1.0,0.4102691033098194,0.8824713810137513,1.0,0.2522468544038346,0.8795451024807655,0.9433231021212262,0.4774877392817592,0.9108194783651832,1.0,0.2685610846752874,0.8795451024807655,,gamma,"{'shape': 2, 'scale': 2}",3389.5438110985406,,
230,IM_0.0,0.6,,DelayedEventLoggingPolluter,1.0,0.3865922797773559,0.8289088704041992,1.0,0.4102691033098194,0.8824713810137513,1.0,0.2447337059603538,0.8803275589044419,0.933607483669678,0.4703529172458216,0.9112364085665844,1.0,0.260123091265354,0.8803275589044419,,gamma,"{'shape': 2, 'scale': 2}",3389.5438110985406,,
231,IM_0.0,0.7,,DelayedEventLoggingPolluter,1.0,0.3865922797773559,0.8289088704041992,1.0,0.4102691033098194,0.8824713810137513,1.0,0.1623825123055498,0.9276235362793828,0.9319894232857062,0.5085048512158487,0.909073750955381,0.9999808046683046,0.1750108635823749,0.9273643332026508,,gamma,"{'shape': 2, 'scale': 2}",3389.5438110985406,,
232,IM_0.0,0.8,,DelayedEventLoggingPolluter,1.0,0.3865922797773559,0.8289088704041992,1.0,0.4102691033098194,0.8824713810137513,1.0,0.2283375010711475,0.8524492439472006,0.926332879859133,0.512271869100063,0.9109580723909592,1.0,0.2417926253971309,0.8524492439472006,,gamma,"{'shape': 2, 'scale': 2}",3389.5438110985406,,
233,IM_0.0,0.9,,DelayedEventLoggingPolluter,1.0,0.3865922797773559,0.8289088704041992,1.0,0.4102691033098194,0.8824713810137513,1.0,0.2536673764327458,0.8949835145369452,0.9270775241754388,0.5190251292104795,0.9101661739900976,1.0,0.2855627240143369,0.8949835145369452,,gamma,"{'shape': 2, 'scale': 2}",3389.5438110985406,,
234,IM_0.2,0.1,,DelayedEventLoggingPolluter,1.0,0.3865922797773559,0.8289088704041992,0.9988525555115314,0.4102691033098194,0.8842139714934686,0.9530357511585696,0.3783153710922571,0.8568911600377713,0.9770346000130822,0.4290216995999515,0.9124715632268772,0.9533224220470208,0.3687177441151108,0.8568967970076447,,gamma,"{'shape': 2, 'scale': 2}",3389.5438110985406,,
235,IM_0.2,0.2,,DelayedEventLoggingPolluter,1.0,0.3865922797773559,0.8289088704041992,0.9988525555115314,0.4102691033098194,0.8842139714934686,0.9542384742239644,0.3729650353191381,0.862593288844847,0.9653552981112848,0.4415028343987456,0.9130860381932302,0.954594784851195,0.3689076604128304,0.862598891246562,,gamma,"{'shape': 2, 'scale': 2}",3389.5438110985406,,
236,IM_0.2,0.3,,DelayedEventLoggingPolluter,1.0,0.3865922797773559,0.8289088704041992,0.9988525555115314,0.4102691033098194,0.8842139714934686,0.947116766457166,0.4793466424682395,0.91889272487603,0.953756069585224,0.4382570580195126,0.9133978812215816,0.96787156737445,0.4116058569371099,0.9121428648306564,,gamma,"{'shape': 2, 'scale': 2}",3389.5438110985406,,
237,IM_0.2,0.4,,DelayedEventLoggingPolluter,1.0,0.3865922797773559,0.8289088704041992,0.9988525555115314,0.4102691033098194,0.8842139714934686,0.9998151154401156,0.3640419362034351,0.8434311205567618,0.9458189522597796,0.4656013945380592,0.91280394527719,1.0,0.375552511179466,0.8434011348794754,,gamma,"{'shape': 2, 'scale': 2}",3389.5438110985406,,
238,IM_0.2,0.5,,DelayedEventLoggingPolluter,1.0,0.3865922797773559,0.8289088704041992,0.9988525555115314,0.4102691033098194,0.8842139714934686,0.9794998267233392,0.3052212294111315,0.861655304286546,0.9391440252193016,0.4726583288983501,0.9136570979169348,0.9795392276673454,0.3181813153382377,0.8616554688884579,,gamma,"{'shape': 2, 'scale': 2}",3389.5438110985406,,
239,IM_0.2,0.6,,DelayedEventLoggingPolluter,1.0,0.3865922797773559,0.8289088704041992,0.9988525555115314,0.4102691033098194,0.8842139714934686,0.9995678865523066,0.3546337634303096,0.8697974008760572,0.9372257986170386,0.4830289935879565,0.91381859638973,1.0,0.375552511179466,0.8697307540439478,,gamma,"{'shape': 2, 'scale': 2}",3389.5438110985406,,
240,IM_0.2,0.7,,DelayedEventLoggingPolluter,1.0,0.3865922797773559,0.8289088704041992,0.9988525555115314,0.4102691033098194,0.8842139714934686,0.999800576578594,0.349123214919419,0.8825164513569548,0.9333288660915192,0.5085921613970734,0.9127171165469646,1.0,0.375552511179466,0.8697307540439478,,gamma,"{'shape': 2, 'scale': 2}",3389.5438110985406,,
241,IM_0.2,0.8,,DelayedEventLoggingPolluter,1.0,0.3865922797773559,0.8289088704041992,0.9988525555115314,0.4102691033098194,0.8842139714934686,0.982475559050879,0.2767936268951124,0.8949544895862809,0.9266202377001022,0.5040620077924232,0.9134155953054142,0.9829784401939724,0.2967404154703598,0.8863472219898896,,gamma,"{'shape': 2, 'scale': 2}",3389.5438110985406,,
242,IM_0.2,0.9,,DelayedEventLoggingPolluter,1.0,0.3865922797773559,0.8289088704041992,0.9988525555115314,0.4102691033098194,0.8842139714934686,0.9883629790527808,0.3760339433420477,0.946074456333185,0.9255224026620168,0.5161432604093155,0.9128390981854948,0.9875247074638422,0.4070112713610472,0.9461503790239174,,gamma,"{'shape': 2, 'scale': 2}",3389.5438110985406,,
243,ALPHA,0.1,,DelayedEventLoggingPolluter,1.0,0.3865922797773559,0.8289088704041992,0.4100338691531681,0.3488604225586424,0.9021495442220508,0.2490216950232532,0.5221002669830911,0.9021495442220508,0.3884771710699171,0.4083437630371297,0.9021495442220508,0.2562362875226824,0.4332307692307692,0.9021495442220508,,gamma,"{'shape': 2, 'scale': 2}",3389.5438110985406,,
244,ALPHA,0.2,,DelayedEventLoggingPolluter,1.0,0.3865922797773559,0.8289088704041992,0.4100338691531681,0.3488604225586424,0.9021495442220508,0.2309769488876332,0.466931216931217,0.9021495442220508,0.3752273215728647,0.406490603526782,0.9021495442220508,0.2311029438369124,0.3325774754346182,0.9021495442220508,,gamma,"{'shape': 2, 'scale': 2}",3389.5438110985406,,
245,ALPHA,0.3,,DelayedEventLoggingPolluter,1.0,0.3865922797773559,0.8289088704041992,0.4100338691531681,0.3488604225586424,0.9021495442220508,0.2127449781710228,0.3775477451452416,0.9021495442220508,0.3634432535925511,0.4470890694974291,0.9021495442220508,0.2123579664558861,0.2777777777777778,0.9021495442220508,,gamma,"{'shape': 2, 'scale': 2}",3389.5438110985406,,
246,ALPHA,0.4,,DelayedEventLoggingPolluter,1.0,0.3865922797773559,0.8289088704041992,0.4100338691531681,0.3488604225586424,0.9021495442220508,0.1965993090395598,0.5396151948692649,0.9021495442220508,0.3507317278705658,0.4451244390044879,0.9021495442220508,0.1963980550239675,0.2668688400303259,0.9021495442220508,,gamma,"{'shape': 2, 'scale': 2}",3389.5438110985406,,
247,ALPHA,0.5,,DelayedEventLoggingPolluter,1.0,0.3865922797773559,0.8289088704041992,0.4100338691531681,0.3488604225586424,0.9021495442220508,0.1946567838988766,0.6282696177062375,0.9021495442220508,0.348361027093104,0.514003294892916,0.9021495442220508,0.1946032383162889,0.2970881980587987,0.9021495442220508,,gamma,"{'shape': 2, 'scale': 2}",3389.5438110985406,,
248,ALPHA,0.6,,DelayedEventLoggingPolluter,1.0,0.3865922797773559,0.8289088704041992,0.4100338691531681,0.3488604225586424,0.9021495442220508,0.1872301916584428,0.5553702795487985,0.9021495442220508,0.341495528849207,0.5120725175113309,0.9021495442220508,0.1873424930084086,0.3340609281579196,0.9021495442220508,,gamma,"{'shape': 2, 'scale': 2}",3389.5438110985406,,
249,ALPHA,0.7,,DelayedEventLoggingPolluter,1.0,0.3865922797773559,0.8289088704041992,0.4100338691531681,0.3488604225586424,0.9021495442220508,0.1966834225824984,0.5642721170223424,0.9021495442220508,0.3345461077859453,0.5077789070440153,0.9021495442220508,0.1967427796553498,0.2866157760814249,0.9021495442220508,,gamma,"{'shape': 2, 'scale': 2}",3389.5438110985406,,
250,ALPHA,0.8,,DelayedEventLoggingPolluter,1.0,0.3865922797773559,0.8289088704041992,0.4100338691531681,0.3488604225586424,0.9021495442220508,0.2159994360356123,0.6,0.9021495442220508,0.3325875409179437,0.5026264210113681,0.9021495442220508,0.216802576866145,0.3333333333333333,0.9021495442220508,,gamma,"{'shape': 2, 'scale': 2}",3389.5438110985406,,
251,ALPHA,0.9,,DelayedEventLoggingPolluter,1.0,0.3865922797773559,0.8289088704041992,0.4100338691531681,0.3488604225586424,0.9021495442220508,0.1815080721527592,0.6172954030096887,0.9021495442220508,0.3312952884342781,0.5323190979998456,0.9021495442220508,0.1816827672493293,0.356708552898257,0.9021495442220508,,gamma,"{'shape': 2, 'scale': 2}",3389.5438110985406,,
252,ILP_0.8,0.1,,DelayedEventLoggingPolluter,1.0,0.3865922797773559,0.8289088704041992,0.9545501893344704,0.271538871975142,0.908725067233038,0.954365266094908,0.1836059446862771,0.908832670842242,0.9280612861078736,0.257591800432002,0.908725067233038,0.9733757179468188,0.1869112731692495,0.908832670842242,,gamma,"{'shape': 2, 'scale': 2}",3389.5438110985406,,
253,ILP_0.8,0.2,,DelayedEventLoggingPolluter,1.0,0.3865922797773559,0.8289088704041992,0.9545501893344704,0.271538871975142,0.908725067233038,0.9512412426693396,0.2021493847960381,0.9087959617587736,0.9082148600535932,0.2521173369229906,0.908725067233038,0.9861205517934496,0.2121417310102276,0.9087959617587736,,gamma,"{'shape': 2, 'scale': 2}",3389.5438110985406,,
254,ILP_0.8,0.3,,DelayedEventLoggingPolluter,1.0,0.3865922797773559,0.8289088704041992,0.9545501893344704,0.271538871975142,0.908725067233038,0.9284553946171497,0.2025092908258853,0.9087959617587736,0.8928911964080058,0.2504359816684917,0.908725067233038,0.9706450804119208,0.2216852540272614,0.9087959617587736,,gamma,"{'shape': 2, 'scale': 2}",3389.5438110985406,,
255,ILP_0.8,0.4,,DelayedEventLoggingPolluter,1.0,0.3865922797773559,0.8289088704041992,0.9545501893344704,0.271538871975142,0.908725067233038,0.9997505083104102,0.2005879277921478,0.908832670842242,0.8831898798271509,0.2490852542993048,0.908725067233038,0.999824239681696,0.2006625022404259,0.908832670842242,,gamma,"{'shape': 2, 'scale': 2}",3389.5438110985406,,
256,ILP_0.8,0.5,,DelayedEventLoggingPolluter,1.0,0.3865922797773559,0.8289088704041992,0.9545501893344704,0.271538871975142,0.908725067233038,0.9999243712143884,0.1844893575839311,0.9088341595226872,0.8679690585767116,0.251066899080363,0.908725067233038,1.0,0.1803015662837442,0.9088341595226872,,gamma,"{'shape': 2, 'scale': 2}",3389.5438110985406,,
257,ILP_0.8,0.6,,DelayedEventLoggingPolluter,1.0,0.3865922797773559,0.8289088704041992,0.9545501893344704,0.271538871975142,0.908725067233038,0.999891686472569,0.1819376026272577,0.9088341595226872,0.8707342087055068,0.2565061679267807,0.908725067233038,1.0,0.1794442564659649,0.9088341595226872,,gamma,"{'shape': 2, 'scale': 2}",3389.5438110985406,,
258,ILP_0.8,0.7,,DelayedEventLoggingPolluter,1.0,0.3865922797773559,0.8289088704041992,0.9545501893344704,0.271538871975142,0.908725067233038,0.999518890049384,0.2159270355229563,0.908832670842242,0.857960232230958,0.2462634688912061,0.908725067233038,0.9996177117509736,0.2143718436134597,0.908832670842242,,gamma,"{'shape': 2, 'scale': 2}",3389.5438110985406,,
259,ILP_0.8,0.8,,DelayedEventLoggingPolluter,1.0,0.3865922797773559,0.8289088704041992,0.9545501893344704,0.271538871975142,0.908725067233038,0.9999686134772012,0.1832058184565976,0.9088341595226872,0.8484445602859868,0.2313850391667383,0.908725067233038,1.0,0.1794538438705847,0.9088341595226872,,gamma,"{'shape': 2, 'scale': 2}",3389.5438110985406,,
260,ILP_0.8,0.9,,DelayedEventLoggingPolluter,1.0,0.3865922797773559,0.8289088704041992,0.9545501893344704,0.271538871975142,0.908725067233038,0.9999651849376114,0.1799545859924984,0.9088341595226872,0.8466676250366866,0.2774046211714132,0.908725067233038,1.0,0.1828934790237291,0.9088341595226872,,gamma,"{'shape': 2, 'scale': 2}",3389.5438110985406,,
261,ILP_1.0,0.1,,DelayedEventLoggingPolluter,1.0,0.3865922797773559,0.8289088704041992,1.0,0.1918960438779138,0.9088341595226872,1.0,0.1876005942800545,0.9088341595226872,0.9896036935496972,0.1955935952729135,0.9088341595226872,1.0,0.1837450460745459,0.9088341595226872,,gamma,"{'shape': 2, 'scale': 2}",3389.5438110985406,,
262,ILP_1.0,0.2,,DelayedEventLoggingPolluter,1.0,0.3865922797773559,0.8289088704041992,1.0,0.1918960438779138,0.9088341595226872,1.0,0.183365011507375,0.9088341595226872,0.983756310781994,0.2050715782122905,0.9088341595226872,1.0,0.1811953413933861,0.9088341595226872,,gamma,"{'shape': 2, 'scale': 2}",3389.5438110985406,,
263,ILP_1.0,0.3,,DelayedEventLoggingPolluter,1.0,0.3865922797773559,0.8289088704041992,1.0,0.1918960438779138,0.9088341595226872,1.0,0.1892556308929731,0.9088341595226872,0.978667674950364,0.2042353638068911,0.9088341595226872,1.0,0.1803488968701898,0.9088341595226872,,gamma,"{'shape': 2, 'scale': 2}",3389.5438110985406,,
264,ILP_1.0,0.4,,DelayedEventLoggingPolluter,1.0,0.3865922797773559,0.8289088704041992,1.0,0.1918960438779138,0.9088341595226872,1.0,0.1819150328018989,0.9088341595226872,0.971180888235693,0.2082844111271676,0.9088341595226872,1.0,0.182021267627684,0.9088341595226872,,gamma,"{'shape': 2, 'scale': 2}",3389.5438110985406,,
265,ILP_1.0,0.5,,DelayedEventLoggingPolluter,1.0,0.3865922797773559,0.8289088704041992,1.0,0.1918960438779138,0.9088341595226872,1.0,0.1843319979097718,0.9088341595226872,0.9665120657975632,0.2086338371078139,0.9088341595226872,1.0,0.1820695055110521,0.9088341595226872,,gamma,"{'shape': 2, 'scale': 2}",3389.5438110985406,,
266,ILP_1.0,0.6,,DelayedEventLoggingPolluter,1.0,0.3865922797773559,0.8289088704041992,1.0,0.1918960438779138,0.9088341595226872,1.0,0.1828322166645133,0.9088341595226872,0.963998932972168,0.2214848256120313,0.9088341595226872,1.0,0.1803392135924068,0.9088341595226872,,gamma,"{'shape': 2, 'scale': 2}",3389.5438110985406,,
267,ILP_1.0,0.7,,DelayedEventLoggingPolluter,1.0,0.3865922797773559,0.8289088704041992,1.0,0.1918960438779138,0.9088341595226872,1.0,0.1806518103442955,0.9088341595226872,0.9615280659884592,0.2176361572830318,0.9088341595226872,1.0,0.1811953413933861,0.9088341595226872,,gamma,"{'shape': 2, 'scale': 2}",3389.5438110985406,,
268,ILP_1.0,0.8,,DelayedEventLoggingPolluter,1.0,0.3865922797773559,0.8289088704041992,1.0,0.1918960438779138,0.9088341595226872,1.0,0.1812607188244148,0.9088341595226872,0.9635853437938257,0.2201845894838108,0.9088341595226872,1.0,0.1803392135924068,0.9088341595226872,,gamma,"{'shape': 2, 'scale': 2}",3389.5438110985406,,
269,ILP_1.0,0.9,,DelayedEventLoggingPolluter,1.0,0.3865922797773559,0.8289088704041992,1.0,0.1918960438779138,0.9088341595226872,1.0,0.179462157054093,0.9088341595226872,0.9588394040532716,0.2187301009733466,0.9088341595226872,1.0,0.1803392135924068,0.9088341595226872,,gamma,"{'shape': 2, 'scale': 2}",3389.5438110985406,,
270,IM_0.0,,,ImpreciseActivityPolluter,1.0,0.3865922797773559,0.8289088704041992,1.0,0.4102691033098194,0.8824713810137513,1.0,0.4169129125780553,0.8999065593181179,1.0,0.3924381062292199,0.7497326910041173,1.0,0.3924381062292199,0.8724852998906034,,,,,"['Release A', 'Release B', 'Release C', 'Release D', 'Release E']",Release
271,IM_0.2,,,ImpreciseActivityPolluter,1.0,0.3865922797773559,0.8289088704041992,0.9988525555115312,0.4102691033098194,0.8842139714934686,0.9928159909966132,0.4169129125780553,0.90116245675596,1.0,0.3924381062292199,0.7717836525042384,0.8541774156471948,0.3924381062292199,0.6612381856523692,,,,,"['Release A', 'Release B', 'Release C', 'Release D', 'Release E']",Release
272,ALPHA,,,ImpreciseActivityPolluter,1.0,0.3865922797773559,0.8289088704041992,0.4100338691531675,0.3488604225586424,0.9021495442220508,0.4159627846830748,0.5401159047005795,0.9592914553164876,0.3364970326221534,0.3488604225586424,0.6593653570775138,0.3364970326221534,0.5401159047005795,0.8791538094366849,,,,,"['Release A', 'Release B', 'Release C', 'Release D', 'Release E']",Release
273,ILP_0.8,,,ImpreciseActivityPolluter,1.0,0.3865922797773559,0.8289088704041992,0.95455018933447,0.271538871975142,0.908725067233038,0.959455618447818,0.3526892736399959,0.9595803397299288,0.8116356850994874,0.2450180881721748,0.6395642663982222,0.8204168172862126,0.321286432160804,0.8222969139405714,,,,,"['Release A', 'Release B', 'Release C', 'Release D', 'Release E']",Release
274,ILP_1.0,,,ImpreciseActivityPolluter,1.0,0.3865922797773559,0.8289088704041992,1.0,0.1918960438779138,0.9088341595226872,1.0,0.2620580456570156,0.959722830546672,1.0,0.1830087349550556,0.6930259931719877,1.0,0.2508090896436525,0.8910334197925556,,,,,"['Release A', 'Release B', 'Release C', 'Release D', 'Release E']",Release
